Country,Year,Score
Afghanistan,2010,3.4
Afghanistan,2018,6.7
Afghanistan,2018,12.2
Afghanistan,2018,0.8
Albania,2005,5.0
Albania,2005,8.6
Albania,2005,1.4
Albania,2005,5.4
Albania,2005,96.7
Albania,2005,2.9
Albania,2010,4.3
Albania,2010,7.3
Albania,2010,1.3
Albania,2010,6.0
Albania,2010,0.3
Albania,2010,134.9
Albania,2010,8.0
Albania,2010,2.7
Albania,2017,2.0
Albania,2017,3.1
Albania,2017,0.9
Albania,2017,4.3
Albania,2017,0.1
Albania,2017,176.7
Albania,2017,6.3
Albania,2017,3.9
Albania,2018,2.3
Albania,2018,3.5
Albania,2018,1.1
Albania,2018,4.7
Albania,2018,0.2
Albania,2018,187.8
Algeria,2005,0.6
Algeria,2005,99.3
Algeria,2005,0.3
Algeria,2010,0.7
Algeria,2010,115.0
Algeria,2010,0.5
Algeria,2010,141.9
Algeria,2010,51.4
Algeria,2010,10.5
Algeria,2015,1.4
Algeria,2015,2.3
Algeria,2015,0.4
Algeria,2015,123.6
Algeria,2015,1.3
Algeria,2015,124.8
Algeria,2015,65.5
Algeria,2015,8.5
American Samoa,2005,10.1
American Samoa,2010,8.9
American Samoa,2016,5.4
Andorra,2004,1.3
Andorra,2010,0.0
Andorra,2010,0.0
Andorra,2010,0.0
Andorra,2010,116.0
Andorra,2010,0.0
Andorra,2010,1322.6
Andorra,2010,9.5
Andorra,2010,11.8
Andorra,2015,0.0
Andorra,2015,0.0
Andorra,2015,0.0
Andorra,2015,170.5
Andorra,2015,0.0
Andorra,2015,1341.1
Andorra,2015,10.3
Andorra,2015,14.1
Angola,2012,4.8
Anguilla,2000,8.9
Anguilla,2000,0.0
Anguilla,2005,0.0
Anguilla,2009,7.5
Anguilla,2009,0.0
Anguilla,2010,0.0
Anguilla,2013,7.2
Anguilla,2013,0.0
Anguilla,2014,28.3
Antigua and Barbuda,2002,6.4
Antigua and Barbuda,2002,10.2
Antigua and Barbuda,2002,3.0
Antigua and Barbuda,2005,3.7
Antigua and Barbuda,2008,18.7
Antigua and Barbuda,2008,27.0
Antigua and Barbuda,2008,11.2
Antigua and Barbuda,2010,6.8
Antigua and Barbuda,2012,11.1
Antigua and Barbuda,2017,7.3
Antigua and Barbuda,2017,14.7
Antigua and Barbuda,2017,1117.1
Antigua and Barbuda,2017,113.2
Antigua and Barbuda,2017,87.0
Antigua and Barbuda,2018,8.3
Antigua and Barbuda,2018,2.1
Antigua and Barbuda,2018,929.6
Argentina,2005,5.7
Argentina,2005,365.4
Argentina,2005,780.8
Argentina,2008,5.9
Argentina,2008,362.4
Argentina,2008,709.1
Argentina,2008,26.5
Argentina,2010,5.8
Argentina,2017,5.2
Argentina,2017,8.8
Argentina,2017,1.8
Argentina,2017,323.5
Argentina,2017,579.6
Argentina,2017,922.6
Argentina,2017,32.5
Argentina,2018,5.3
Argentina,2018,9.1
Argentina,2018,1.7
Argentina,2018,306.5
Argentina,2018,625.5
Armenia,2005,1.9
Armenia,2005,3.4
Armenia,2005,0.7
Armenia,2005,6.0
Armenia,2005,0.7
Armenia,2005,82.6
Armenia,2005,1.7
Armenia,2010,1.9
Armenia,2010,3.4
Armenia,2010,0.7
Armenia,2010,5.4
Armenia,2010,1.4
Armenia,2010,127.3
Armenia,2010,12.4
Armenia,2010,2.8
Armenia,2017,2.4
Armenia,2017,4.3
Armenia,2017,0.7
Armenia,2017,6.2
Armenia,2017,1.2
Armenia,2017,202.5
Armenia,2017,7.8
Armenia,2017,3.5
Armenia,2018,1.7
Armenia,2018,2.8
Armenia,2018,0.7
Armenia,2018,6.1
Armenia,2018,1.9
Armenia,2018,240.5
Aruba,2005,6.0
Aruba,2005,10.5
Aruba,2005,1.9
Aruba,2010,3.9
Aruba,2010,8.3
Aruba,2010,0.0
Aruba,2014,1.9
Aruba,2014,4.1
Aruba,2014,0.0
Australia,2005,1.3
Australia,2005,1.6
Australia,2005,0.9
Australia,2005,2568.7
Australia,2010,1.0
Australia,2010,1.2
Australia,2010,0.8
Australia,2010,309.9
Australia,2010,2.8
Australia,2010,2154.2
Australia,2010,66.1
Australia,2010,85.1
Australia,2017,0.8
Australia,2017,1.2
Australia,2017,0.5
Australia,2017,296.8
Australia,2017,2.0
Australia,2017,2289.4
Australia,2017,39.0
Australia,2017,101.5
Australia,2018,0.9
Australia,2018,1.1
Australia,2018,0.7
Australia,2018,292.0
Australia,2018,1.8
Australia,2018,2332.5
Austria,2005,0.7
Austria,2005,0.7
Austria,2005,0.6
Austria,2005,43.8
Austria,2005,0.1
Austria,2005,2144.8
Austria,2005,20.3
Austria,2010,0.7
Austria,2010,0.7
Austria,2010,0.7
Austria,2010,42.9
Austria,2010,0.1
Austria,2010,1853.2
Austria,2010,51.2
Austria,2010,39.2
Austria,2017,0.8
Austria,2017,0.8
Austria,2017,0.8
Austria,2017,41.1
Austria,2017,0.0
Austria,2017,1421.5
Austria,2017,29.6
Austria,2017,48.2
Austria,2018,1.0
Austria,2018,1.0
Austria,2018,1.0
Austria,2018,41.7
Austria,2018,0.1
Austria,2018,1266.5
Azerbaijan,2005,2.2
Azerbaijan,2005,1.9
Azerbaijan,2005,0.3
Azerbaijan,2005,25.2
Azerbaijan,2010,2.3
Azerbaijan,2010,3.2
Azerbaijan,2010,1.4
Azerbaijan,2010,1.9
Azerbaijan,2010,0.0
Azerbaijan,2010,42.8
Azerbaijan,2010,3.3
Azerbaijan,2010,2.3
Azerbaijan,2017,2.0
Azerbaijan,2017,2.5
Azerbaijan,2017,1.6
Azerbaijan,2017,3.8
Azerbaijan,2017,0.1
Azerbaijan,2017,29.0
Azerbaijan,2017,4.0
Azerbaijan,2017,1.2
Azerbaijan,2018,2.2
Azerbaijan,2018,3.1
Azerbaijan,2018,1.3
Azerbaijan,2018,3.1
Azerbaijan,2018,0.0
Azerbaijan,2018,24.5
Bahamas,2005,16.0
Bahamas,2005,27.9
Bahamas,2005,4.8
Bahamas,2005,7.4
Bahamas,2005,446.4
Bahamas,2005,135.1
Bahamas,2010,26.5
Bahamas,2010,46.5
Bahamas,2010,7.7
Bahamas,2010,863.0
Bahamas,2010,5.1
Bahamas,2010,554.7
Bahamas,2010,94.7
Bahamas,2010,87.1
Bahamas,2017,32.0
Bahamas,2017,62.6
Bahamas,2017,3.1
Bahamas,2017,1009.6
Bahamas,2017,2.9
Bahamas,2017,273.7
Bahamas,2017,165.0
Bahamas,2017,84.1
Bahamas,2018,1046.3
Bahamas,2018,2.3
Bahamas,2018,215.5
Bahrain,2005,0.4
Bahrain,2005,396.8
Bahrain,2005,1.4
Bahrain,2005,1086.3
Bahrain,2007,0.4
Bahrain,2007,254.3
Bahrain,2007,0.0
Bahrain,2007,700.4
Bahrain,2007,14.0
Bahrain,2008,0.5
Bahrain,2008,327.8
Bahrain,2008,681.7
Bahrain,2008,15.7
Bahrain,2010,0.9
Bahrain,2014,0.5
Bangladesh,2005,2.6
Bangladesh,2005,0.4
Bangladesh,2005,0.9
Bangladesh,2005,9.0
Bangladesh,2006,3.0
Bangladesh,2006,0.4
Bangladesh,2006,0.8
Bangladesh,2006,9.2
Bangladesh,2010,2.7
Bangladesh,2018,2.4
Barbados,2005,10.5
Barbados,2005,15.0
Barbados,2005,6.4
Barbados,2005,626.5
Barbados,2005,8.3
Barbados,2005,408.9
Barbados,2005,69.5
Barbados,2010,11.0
Barbados,2010,17.0
Barbados,2010,5.5
Barbados,2010,535.6
Barbados,2010,4.3
Barbados,2010,732.6
Barbados,2010,172.6
Barbados,2010,59.9
Barbados,2016,7.7
Barbados,2016,14.5
Barbados,2016,1.4
Barbados,2016,545.5
Barbados,2016,3.8
Barbados,2016,595.2
Barbados,2016,65.1
Barbados,2016,63.7
Barbados,2017,10.5
Barbados,2017,20.3
Barbados,2017,1.4
Barbados,2017,502.1
Barbados,2017,3.5
Barbados,2017,83.5
Barbados,2017,60.1
Barbados,2018,9.8
Barbados,2018,17.3
Barbados,2018,2.7
Belarus,2005,8.6
Belarus,2005,20.0
Belarus,2005,0.4
Belarus,2005,1079.2
Belarus,2005,8.6
Belarus,2010,4.3
Belarus,2010,6.1
Belarus,2010,2.7
Belarus,2010,12.3
Belarus,2010,0.2
Belarus,2010,781.2
Belarus,2010,50.3
Belarus,2010,3.9
Belarus,2014,3.6
Belarus,2014,5.1
Belarus,2014,2.3
Belarus,2014,8.8
Belarus,2014,0.3
Belarus,2014,429.7
Belarus,2014,26.1
Belarus,2014,4.8
Belarus,2017,2.5
Belarus,2017,3.3
Belarus,2017,1.9
Belarus,2017,7.4
Belarus,2017,0.2
Belarus,2017,16.3
Belarus,2017,9.2
Belarus,2018,2.4
Belarus,2018,3.2
Belarus,2018,1.7
Belarus,2018,7.7
Belarus,2018,0.1
Belgium,2005,2.1
Belgium,2005,2.5
Belgium,2005,1.7
Belgium,2005,639.2
Belgium,2005,8.7
Belgium,2005,2061.0
Belgium,2005,57.3
Belgium,2010,1.7
Belgium,2010,2.2
Belgium,2010,1.2
Belgium,2010,710.9
Belgium,2010,10.3
Belgium,2010,2087.6
Belgium,2010,218.1
Belgium,2010,64.8
Belgium,2014,1.9
Belgium,2014,2.3
Belgium,2014,1.4
Belgium,2014,627.5
Belgium,2014,10.3
Belgium,2014,1857.6
Belgium,2014,195.4
Belgium,2014,61.5
Belgium,2017,1.7
Belgium,2017,546.9
Belgium,2017,10.2
Belgium,2017,1953.5
Belgium,2017,154.2
Belgium,2017,72.5
Belgium,2018,549.9
Belgium,2018,1900.7
Belize,2004,28.6
Belize,2004,46.7
Belize,2004,10.2
Belize,2005,28.5
Belize,2005,3.2
Belize,2005,591.3
Belize,2009,30.8
Belize,2009,55.9
Belize,2009,5.7
Belize,2009,164.9
Belize,2009,0.6
Belize,2009,374.7
Belize,2009,64.2
Belize,2010,40.0
Belize,2010,70.0
Belize,2010,10.0
Belize,2010,259.3
Belize,2010,147.9
Belize,2010,40.3
Belize,2016,37.5
Belize,2016,66.9
Belize,2016,8.1
Belize,2016,204.1
Belize,2016,63.0
Belize,2017,37.8
Belize,2017,69.9
Belize,2017,5.8
Belize,2017,278.1
Belize,2017,1.3
Belize,2017,68.7
Belize,2017,41.0
Benin,2017,1.1
Benin,2017,47.7
Benin,2017,4.7
Benin,2017,1.6
Bermuda,2004,1.5
Bermuda,2004,0.0
Bermuda,2004,2.9
Bermuda,2004,657.5
Bermuda,2005,3.1
Bermuda,2005,6.5
Bermuda,2005,0.0
Bermuda,2010,10.9
Bermuda,2010,23.0
Bermuda,2010,0.0
Bermuda,2010,943.6
Bermuda,2010,1.5
Bermuda,2010,929.8
Bermuda,2010,151.4
Bermuda,2010,140.7
Bermuda,2016,13.0
Bermuda,2016,27.2
Bermuda,2016,0.0
Bermuda,2016,72.6
Bermuda,2016,2133.8
Bermuda,2016,142.0
Bermuda,2017,8.1
Bermuda,2017,17.1
Bermuda,2017,0.0
Bermuda,2017,58.7
Bermuda,2017,0.0
Bermuda,2017,79.3
Bermuda,2017,145.9
Bhutan,2005,1.7
Bhutan,2010,2.3
Bhutan,2010,0.1
Bhutan,2010,71.3
Bhutan,2010,6.9
Bhutan,2010,10.4
Bhutan,2014,72.5
Bhutan,2014,0.4
Bhutan,2014,74.0
Bhutan,2014,1.8
Bhutan,2014,11.3
Bhutan,2017,1.7
Bhutan,2017,2.3
Bhutan,2017,1.1
Bhutan,2017,131.4
Bhutan,2017,0.0
Bhutan,2017,2.3
Bhutan,2017,10.3
Bhutan,2018,1.2
Bhutan,2018,1.8
Bhutan,2018,0.6
Bhutan,2018,145.6
Bhutan,2018,0.0
Bolivia (Plurin. State of),2005,5.2
Bolivia (Plurin. State of),2005,65.3
Bolivia (Plurin. State of),2005,1.1
Bolivia (Plurin. State of),2005,41.2
Bolivia (Plurin. State of),2005,18.7
Bolivia (Plurin. State of),2008,8.5
Bolivia (Plurin. State of),2008,14.1
Bolivia (Plurin. State of),2008,2.8
Bolivia (Plurin. State of),2008,71.9
Bolivia (Plurin. State of),2008,1.3
Bolivia (Plurin. State of),2008,49.6
Bolivia (Plurin. State of),2008,26.4
Bolivia (Plurin. State of),2010,12.7
Bolivia (Plurin. State of),2010,84.1
Bolivia (Plurin. State of),2010,0.9
Bolivia (Plurin. State of),2010,50.3
Bolivia (Plurin. State of),2010,124.1
Bolivia (Plurin. State of),2010,39.2
Bolivia (Plurin. State of),2016,6.2
Bolivia (Plurin. State of),2016,8.2
Bolivia (Plurin. State of),2016,4.3
Bolivia (Plurin. State of),2016,73.5
Bolivia (Plurin. State of),2016,1.5
Bolivia (Plurin. State of),2016,44.1
Bolivia (Plurin. State of),2016,148.6
Bolivia (Plurin. State of),2016,36.8
Bolivia (Plurin. State of),2017,67.8
Bolivia (Plurin. State of),2017,1.1
Bolivia (Plurin. State of),2017,40.3
Bolivia (Plurin. State of),2017,135.7
Bolivia (Plurin. State of),2017,36.3
Bolivia (Plurin. State of),2018,70.8
Bolivia (Plurin. State of),2018,0.7
Bolivia (Plurin. State of),2018,43.7
Bosnia and Herzegovina,2002,2.4
Bosnia and Herzegovina,2002,3.5
Bosnia and Herzegovina,2002,1.3
Bosnia and Herzegovina,2005,1.9
Bosnia and Herzegovina,2005,36.4
Bosnia and Herzegovina,2005,0.2
Bosnia and Herzegovina,2005,489.1
Bosnia and Herzegovina,2010,1.5
Bosnia and Herzegovina,2010,2.5
Bosnia and Herzegovina,2010,0.5
Bosnia and Herzegovina,2010,13.6
Bosnia and Herzegovina,2010,0.0
Bosnia and Herzegovina,2010,306.6
Bosnia and Herzegovina,2010,4.0
Bosnia and Herzegovina,2017,1.3
Bosnia and Herzegovina,2017,1.9
Bosnia and Herzegovina,2017,0.6
Bosnia and Herzegovina,2017,22.4
Bosnia and Herzegovina,2017,0.0
Bosnia and Herzegovina,2017,19.7
Bosnia and Herzegovina,2017,4.7
Bosnia and Herzegovina,2018,1.2
Bosnia and Herzegovina,2018,1.9
Bosnia and Herzegovina,2018,0.5
Bosnia and Herzegovina,2018,27.4
Bosnia and Herzegovina,2018,0.0
Bosnia and Herzegovina,2018,114.7
Botswana,2005,16.2
Botswana,2010,15.2
Botswana,2010,878.5
Botswana,2010,0.2
Botswana,2010,1495.4
Botswana,2010,120.9
Botswana,2014,806.6
Botswana,2014,0.1
Botswana,2014,1419.9
Botswana,2014,81.3
Botswana,2014,131.7
Brazil,2005,23.4
Brazil,2005,43.6
Brazil,2005,3.8
Brazil,2010,22.1
Brazil,2010,41.0
Brazil,2010,3.7
Brazil,2010,365.7
Brazil,2010,0.2
Brazil,2010,706.5
Brazil,2010,552.4
Brazil,2010,23.8
Brazil,2013,26.9
Brazil,2013,50.1
Brazil,2013,4.5
Brazil,2013,329.0
Brazil,2013,0.2
Brazil,2013,887.8
Brazil,2013,503.6
Brazil,2013,28.0
Brazil,2017,30.8
Brazil,2017,58.2
Brazil,2017,4.3
Brazil,2017,284.8
Brazil,2017,0.3
Brazil,2017,1109.0
Brazil,2017,806.5
Brazil,2018,27.4
Brazil,2018,51.2
Brazil,2018,4.3
Brazil,2018,274.3
Brazil,2018,0.3
Brazil,2018,1052.3
British Virgin Islands,2002,4.7
British Virgin Islands,2002,0.0
British Virgin Islands,2004,17.9
British Virgin Islands,2006,8.3
Brunei Darussalam,2000,1.2
Brunei Darussalam,2000,1.2
Brunei Darussalam,2000,1.2
Brunei Darussalam,2005,0.5
Brunei Darussalam,2005,145.2
Brunei Darussalam,2005,0.0
Brunei Darussalam,2005,329.2
Brunei Darussalam,2006,0.8
Brunei Darussalam,2006,121.8
Brunei Darussalam,2006,0.0
Brunei Darussalam,2006,306.8
Brunei Darussalam,2010,0.3
Brunei Darussalam,2013,0.5
Bulgaria,2005,2.6
Bulgaria,2005,3.9
Bulgaria,2005,1.3
Bulgaria,2005,47.6
Bulgaria,2005,2.5
Bulgaria,2005,560.9
Bulgaria,2005,13.5
Bulgaria,2010,2.0
Bulgaria,2010,3.3
Bulgaria,2010,0.7
Bulgaria,2010,40.9
Bulgaria,2010,1.6
Bulgaria,2010,679.9
Bulgaria,2010,50.3
Bulgaria,2010,9.4
Bulgaria,2017,1.5
Bulgaria,2017,2.0
Bulgaria,2017,1.0
Bulgaria,2017,39.6
Bulgaria,2017,1.4
Bulgaria,2017,576.5
Bulgaria,2017,21.9
Bulgaria,2017,9.2
Bulgaria,2018,1.3
Bulgaria,2018,1.6
Bulgaria,2018,1.0
Bulgaria,2018,35.7
Bulgaria,2018,0.9
Bulgaria,2018,523.6
Burkina Faso,2005,0.5
Burkina Faso,2010,0.8
Burkina Faso,2017,1.3
Burundi,2010,4.0
Burundi,2010,3.5
Burundi,2010,0.3
Burundi,2010,35.0
Burundi,2010,8.1
Burundi,2014,5.7
Burundi,2014,9.5
Burundi,2014,2.1
Burundi,2014,5.6
Burundi,2014,0.8
Burundi,2014,8.2
Burundi,2014,45.7
Burundi,2014,12.9
Burundi,2016,6.1
Burundi,2016,9.9
Burundi,2016,2.3
Cabo Verde,2005,9.5
Cabo Verde,2010,7.9
Cabo Verde,2010,830.2
Cabo Verde,2010,1.2
Cabo Verde,2010,761.4
Cabo Verde,2010,624.0
Cabo Verde,2010,41.2
Cabo Verde,2017,7.1
Cabo Verde,2017,11.9
Cabo Verde,2017,2.2
Cabo Verde,2017,631.3
Cabo Verde,2017,1.1
Cabo Verde,2017,816.4
Cabo Verde,2017,364.1
Cabo Verde,2017,39.8
Cabo Verde,2018,6.8
Cabo Verde,2018,9.5
Cabo Verde,2018,3.7
Cabo Verde,2018,554.5
Cabo Verde,2018,2.6
Cabo Verde,2018,630.6
Cambodia,2005,3.4
Cambodia,2010,2.3
Cambodia,2011,1.8
Cameroon,2003,6.0
Cameroon,2003,17.8
Cameroon,2003,70.5
Cameroon,2005,17.7
Cameroon,2005,67.7
Cameroon,2010,4.9
Cameroon,2010,24.2
Cameroon,2010,2.3
Cameroon,2010,80.7
Cameroon,2010,10.1
Cameroon,2014,0.9
Cameroon,2014,1.1
Cameroon,2014,0.8
Cameroon,2014,16.3
Cameroon,2014,1.9
Cameroon,2014,111.4
Cameroon,2014,16.3
Cameroon,2014,3.1
Cameroon,2015,1.2
Cameroon,2015,1.3
Cameroon,2015,1.0
Cameroon,2015,20.6
Cameroon,2015,4.2
Cameroon,2015,69.9
Cameroon,2015,20.6
Cameroon,2016,1.2
Cameroon,2016,1.4
Cameroon,2016,0.9
Cameroon,2016,7.7
Cameroon,2016,2.4
Cameroon,2016,17.6
Cameroon,2017,1.4
Cameroon,2017,18.2
Cameroon,2017,3.5
Cameroon,2017,18.1
Canada,2005,2.1
Canada,2005,3.0
Canada,2005,1.1
Canada,2005,166.2
Canada,2005,12.1
Canada,2005,2039.2
Canada,2005,81.9
Canada,2010,1.6
Canada,2010,2.4
Canada,2010,0.9
Canada,2010,162.3
Canada,2010,12.6
Canada,2010,1593.8
Canada,2010,89.3
Canada,2010,78.8
Canada,2017,1.8
Canada,2017,2.7
Canada,2017,0.9
Canada,2017,150.8
Canada,2017,10.3
Canada,2017,1420.6
Canada,2017,61.9
Canada,2017,95.3
Canada,2018,1.8
Cayman Islands,2005,6.1
Cayman Islands,2005,0.0
Cayman Islands,2006,2.0
Cayman Islands,2006,0.0
Cayman Islands,2010,15.9
Cayman Islands,2010,0.0
Cayman Islands,2014,8.2
Cayman Islands,2014,0.0
Central African Republic,2016,20.1
Central African Republic,2016,29.8
Central African Republic,2016,10.6
Channel Islands,2005,0.7
Channel Islands,2010,0.0
Chile,2005,3.6
Chile,2005,6.2
Chile,2005,1.0
Chile,2005,0.9
Chile,2005,959.5
Chile,2010,3.2
Chile,2010,5.3
Chile,2010,1.1
Chile,2010,130.5
Chile,2010,1.5
Chile,2010,1095.9
Chile,2010,478.6
Chile,2010,76.2
Chile,2017,4.2
Chile,2017,7.4
Chile,2017,1.1
Chile,2017,59.4
Chile,2017,1.6
Chile,2017,927.1
Chile,2017,633.5
Chile,2017,69.5
Chile,2018,4.4
Chile,2018,7.9
Chile,2018,1.0
Chile,2018,65.2
Chile,2018,1.6
Chile,2018,919.6
China,2005,1.6
China,2010,1.0
China,2018,0.5
"China, Hong Kong SAR",2005,0.5
"China, Hong Kong SAR",2005,0.6
"China, Hong Kong SAR",2005,0.4
"China, Hong Kong SAR",2005,119.5
"China, Hong Kong SAR",2005,0.0
"China, Hong Kong SAR",2005,520.2
"China, Hong Kong SAR",2005,21.6
"China, Hong Kong SAR",2010,0.5
"China, Hong Kong SAR",2010,0.5
"China, Hong Kong SAR",2010,0.5
"China, Hong Kong SAR",2010,109.1
"China, Hong Kong SAR",2010,0.0
"China, Hong Kong SAR",2010,493.0
"China, Hong Kong SAR",2010,11.2
"China, Hong Kong SAR",2010,26.4
"China, Hong Kong SAR",2013,0.9
"China, Hong Kong SAR",2013,0.8
"China, Hong Kong SAR",2013,1.0
"China, Hong Kong SAR",2013,93.4
"China, Hong Kong SAR",2013,0.0
"China, Hong Kong SAR",2013,445.7
"China, Hong Kong SAR",2013,7.1
"China, Hong Kong SAR",2013,25.1
"China, Hong Kong SAR",2018,0.7
"China, Hong Kong SAR",2018,0.9
"China, Hong Kong SAR",2018,0.4
"China, Hong Kong SAR",2018,65.1
"China, Hong Kong SAR",2018,0.0
"China, Hong Kong SAR",2018,289.1
"China, Macao SAR",2005,0.8
"China, Macao SAR",2010,0.4
"China, Macao SAR",2010,0.8
"China, Macao SAR",2010,0.0
"China, Macao SAR",2010,341.1
"China, Macao SAR",2010,0.4
"China, Macao SAR",2010,522.5
"China, Macao SAR",2010,33.1
"China, Macao SAR",2010,8.4
"China, Macao SAR",2017,0.3
"China, Macao SAR",2017,0.0
"China, Macao SAR",2017,0.6
"China, Macao SAR",2017,1.1
"China, Macao SAR",2017,0.0
"China, Macao SAR",2017,434.0
"China, Macao SAR",2017,17.3
"China, Macao SAR",2017,17.3
"China, Macao SAR",2018,0.3
"China, Macao SAR",2018,0.3
"China, Macao SAR",2018,0.3
"China, Macao SAR",2018,1.1
"China, Macao SAR",2018,0.0
"China, Macao SAR",2018,404.7
Colombia,2005,42.5
Colombia,2005,79.5
Colombia,2005,6.9
Colombia,2005,71.3
Colombia,2005,1.9
Colombia,2005,161.2
Colombia,2005,10.8
Colombia,2010,34.2
Colombia,2010,64.2
Colombia,2010,5.3
Colombia,2010,117.5
Colombia,2010,0.6
Colombia,2010,203.0
Colombia,2010,135.9
Colombia,2010,15.1
Colombia,2017,25.0
Colombia,2017,46.5
Colombia,2017,4.3
Colombia,2017,350.5
Colombia,2017,0.4
Colombia,2017,244.4
Colombia,2017,48.7
Colombia,2018,25.3
Colombia,2018,47.3
Colombia,2018,4.2
Colombia,2018,346.1
Colombia,2018,0.6
Colombia,2018,180.5
Cook Islands,2012,3.5
Costa Rica,2005,7.8
Costa Rica,2005,12.7
Costa Rica,2005,2.9
Costa Rica,2005,0.3
Costa Rica,2005,195.1
Costa Rica,2010,11.5
Costa Rica,2010,20.3
Costa Rica,2010,2.7
Costa Rica,2010,173.8
Costa Rica,2010,0.2
Costa Rica,2010,442.3
Costa Rica,2010,943.4
Costa Rica,2010,142.2
Costa Rica,2013,8.7
Costa Rica,2013,15.8
Costa Rica,2013,1.5
Costa Rica,2013,173.4
Costa Rica,2013,0.1
Costa Rica,2013,691.4
Costa Rica,2013,1011.2
Costa Rica,2013,153.5
Costa Rica,2017,12.2
Costa Rica,2017,22.0
Costa Rica,2017,2.3
Costa Rica,2017,155.5
Costa Rica,2017,0.2
Costa Rica,2017,1587.5
Costa Rica,2017,191.2
Costa Rica,2018,11.3
Cte dIvoire,2008,51.6
Cte dIvoire,2008,3.7
Croatia,2005,1.6
Croatia,2005,1.9
Croatia,2005,1.2
Croatia,2005,26.3
Croatia,2005,0.5
Croatia,2005,694.3
Croatia,2005,14.2
Croatia,2010,1.4
Croatia,2010,1.4
Croatia,2010,1.4
Croatia,2010,22.8
Croatia,2010,0.3
Croatia,2010,313.6
Croatia,2010,28.8
Croatia,2010,9.2
Croatia,2017,1.1
Croatia,2017,1.4
Croatia,2017,0.8
Croatia,2017,19.1
Croatia,2017,0.0
Croatia,2017,296.8
Croatia,2017,20.7
Croatia,2017,11.4
Croatia,2018,0.6
Croatia,2018,0.8
Croatia,2018,0.4
Croatia,2018,17.6
Croatia,2018,0.0
Croatia,2018,276.2
Cuba,2005,6.1
Cuba,2005,9.2
Cuba,2005,3.0
Cuba,2010,4.5
Cuba,2010,6.8
Cuba,2010,2.2
Cuba,2016,5.0
Cuba,2016,8.0
Cuba,2016,2.1
Curaao,2005,20.0
Curaao,2005,32.8
Curaao,2005,8.7
Curaao,2007,19.0
Curaao,2007,36.2
Curaao,2007,4.1
Cyprus,2005,1.9
Cyprus,2005,3.5
Cyprus,2005,0.4
Cyprus,2005,12.8
Cyprus,2005,1.6
Cyprus,2005,116.9
Cyprus,2005,10.9
Cyprus,2010,0.7
Cyprus,2010,1.3
Cyprus,2010,0.2
Cyprus,2010,15.6
Cyprus,2010,2.4
Cyprus,2010,150.1
Cyprus,2010,14.0
Cyprus,2010,7.1
Cyprus,2017,0.6
Cyprus,2017,1.2
Cyprus,2017,0.0
Cyprus,2017,12.2
Cyprus,2017,0.8
Cyprus,2017,81.3
Cyprus,2017,8.7
Cyprus,2017,1.7
Cyprus,2018,1.3
Cyprus,2018,1.5
Cyprus,2018,1.0
Cyprus,2018,11.1
Cyprus,2018,0.3
Cyprus,2018,60.2
Czechia,2005,1.1
Czechia,2005,1.3
Czechia,2005,0.9
Czechia,2005,211.4
Czechia,2005,0.1
Czechia,2005,1502.5
Czechia,2005,18.0
Czechia,2010,1.0
Czechia,2010,1.0
Czechia,2010,1.0
Czechia,2010,171.5
Czechia,2010,0.1
Czechia,2010,1198.8
Czechia,2010,38.1
Czechia,2010,12.7
Czechia,2017,0.6
Czechia,2017,0.7
Czechia,2017,0.6
Czechia,2017,44.8
Czechia,2017,0.2
Czechia,2017,621.2
Czechia,2017,14.9
Czechia,2017,13.3
Czechia,2018,46.6
Czechia,2018,0.1
Czechia,2018,557.3
Denmark,2005,1.0
Denmark,2005,1.3
Denmark,2005,0.7
Denmark,2005,205.1
Denmark,2005,3100.9
Denmark,2010,0.8
Denmark,2010,0.7
Denmark,2010,0.8
Denmark,2010,31.6
Denmark,2010,4351.2
Denmark,2010,60.7
Denmark,2010,36.2
Denmark,2017,1.2
Denmark,2017,1.8
Denmark,2017,0.7
Denmark,2017,33.2
Denmark,2017,3731.9
Denmark,2017,35.6
Denmark,2017,83.6
Denmark,2018,1.0
Denmark,2018,1.3
Denmark,2018,0.7
Denmark,2018,32.3
Denmark,2018,3178.3
Dominica,2001,1.4
Dominica,2001,0.0
Dominica,2002,12.9
Dominica,2002,0.0
Dominica,2005,11.3
Dominica,2010,21.2
Dominica,2011,8.5
Dominica,2011,0.0
Dominica,2017,26.6
Dominica,2017,88.2
Dominica,2017,5.6
Dominica,2017,33.6
Dominica,2017,100.8
Dominica,2017,135.7
Dominica,2018,103.3
Dominica,2018,1.4
Dominica,2018,29.3
Dominican Republic,2005,26.3
Dominican Republic,2005,47.6
Dominican Republic,2005,4.7
Dominican Republic,2005,0.2
Dominican Republic,2006,23.3
Dominican Republic,2006,42.4
Dominican Republic,2006,3.9
Dominican Republic,2006,0.2
Dominican Republic,2010,25.5
Dominican Republic,2010,46.5
Dominican Republic,2010,4.4
Dominican Republic,2016,15.5
Dominican Republic,2016,27.8
Dominican Republic,2016,3.3
Dominican Republic,2016,30.2
Dominican Republic,2016,0.2
Dominican Republic,2016,8.4
Dominican Republic,2016,67.2
Dominican Republic,2016,62.6
Dominican Republic,2018,10.0
Dominican Republic,2018,17.2
Dominican Republic,2018,2.9
Ecuador,2005,15.3
Ecuador,2005,28.2
Ecuador,2005,2.4
Ecuador,2005,56.1
Ecuador,2005,43.1
Ecuador,2010,17.5
Ecuador,2010,31.7
Ecuador,2010,3.2
Ecuador,2010,30.0
Ecuador,2010,33.4
Ecuador,2010,360.4
Ecuador,2010,24.3
Ecuador,2017,5.8
Ecuador,2017,9.2
Ecuador,2017,2.4
Ecuador,2017,38.9
Ecuador,2017,4.7
Ecuador,2017,183.7
Ecuador,2017,457.2
Ecuador,2017,80.5
Ecuador,2018,5.8
Ecuador,2018,37.6
Ecuador,2018,4.4
Ecuador,2018,173.2
Egypt,2005,0.7
Egypt,2005,1.2
Egypt,2005,0.2
Egypt,2005,0.0
Egypt,2005,46.3
Egypt,2010,2.2
Egypt,2010,3.9
Egypt,2010,0.5
Egypt,2010,0.2
Egypt,2010,0.1
Egypt,2010,93.2
Egypt,2010,0.8
Egypt,2010,0.2
Egypt,2011,3.2
Egypt,2011,5.6
Egypt,2011,0.8
Egypt,2011,0.4
Egypt,2011,0.3
Egypt,2011,103.1
Egypt,2011,3.2
Egypt,2011,0.1
Egypt,2012,2.6
Egypt,2012,4.5
Egypt,2012,0.6
El Salvador,2005,64.1
El Salvador,2005,120.6
El Salvador,2005,12.6
El Salvador,2005,76.5
El Salvador,2005,0.1
El Salvador,2005,177.1
El Salvador,2010,64.5
El Salvador,2010,117.0
El Salvador,2010,17.3
El Salvador,2010,62.9
El Salvador,2010,0.5
El Salvador,2010,156.5
El Salvador,2010,87.6
El Salvador,2010,36.1
El Salvador,2015,105.2
El Salvador,2015,204.5
El Salvador,2015,17.2
El Salvador,2015,93.1
El Salvador,2015,0.3
El Salvador,2015,135.0
El Salvador,2015,81.6
El Salvador,2015,70.2
El Salvador,2017,61.7
El Salvador,2017,115.9
El Salvador,2017,13.8
El Salvador,2017,58.6
El Salvador,2017,0.2
El Salvador,2017,59.4
El Salvador,2017,68.5
El Salvador,2018,52.0
Estonia,2005,8.3
Estonia,2005,13.4
Estonia,2005,3.9
Estonia,2005,9.7
Estonia,2005,0.1
Estonia,2005,2246.3
Estonia,2005,29.7
Estonia,2010,5.3
Estonia,2010,8.6
Estonia,2010,2.3
Estonia,2010,7.7
Estonia,2010,0.0
Estonia,2010,1895.7
Estonia,2010,45.0
Estonia,2010,20.6
Estonia,2017,2.2
Estonia,2017,3.4
Estonia,2017,1.1
Estonia,2017,5.8
Estonia,2017,0.0
Estonia,2017,578.5
Estonia,2017,15.2
Estonia,2017,19.6
Estonia,2018,2.1
Estonia,2018,3.7
Estonia,2018,0.7
Estonia,2018,6.8
Estonia,2018,0.0
Estonia,2018,559.6
Eswatini,2004,14.2
Eswatini,2004,1421.3
Eswatini,2004,9.4
Eswatini,2004,2031.7
Eswatini,2005,13.5
Eswatini,2010,19.5
Eswatini,2017,11.6
Ethiopia,2012,8.8
Fiji,2005,2.8
Fiji,2010,2.3
Fiji,2014,2.3
Finland,2005,2.3
Finland,2005,3.3
Finland,2005,1.3
Finland,2005,579.3
Finland,2005,0.0
Finland,2005,2378.4
Finland,2005,36.5
Finland,2010,2.2
Finland,2010,3.5
Finland,2010,1.0
Finland,2010,37.2
Finland,2010,0.0
Finland,2010,1853.1
Finland,2010,28.1
Finland,2010,45.0
Finland,2017,1.3
Finland,2017,1.4
Finland,2017,1.1
Finland,2017,28.7
Finland,2017,0.0
Finland,2017,2000.3
Finland,2017,29.8
Finland,2017,55.4
Finland,2018,1.6
Finland,2018,2.3
Finland,2018,1.0
Finland,2018,29.1
Finland,2018,0.1
Finland,2018,1954.5
France,2005,1.6
France,2005,243.2
France,2005,3.3
France,2005,1366.3
France,2005,39.1
France,2010,1.3
France,2010,368.8
France,2010,3.3
France,2010,1864.8
France,2010,192.5
France,2010,36.5
France,2016,1.4
France,2016,1.7
France,2016,1.0
France,2016,375.6
France,2016,5.9
France,2016,2136.2
France,2016,161.5
France,2016,58.0
France,2017,1.3
France,2017,1.6
France,2017,0.9
France,2017,154.3
France,2017,64.1
France,2018,1.2
France,2018,1.7
France,2018,0.7
French Guiana,2005,22.2
French Guiana,2009,13.2
French Guiana,2009,21.6
French Guiana,2009,4.8
French Polynesia,2009,0.4
Georgia,2005,9.6
Georgia,2005,16.5
Georgia,2005,3.3
Georgia,2005,8.7
Georgia,2005,2.1
Georgia,2005,386.1
Georgia,2005,3.9
Georgia,2010,4.6
Georgia,2010,8.1
Georgia,2010,1.3
Georgia,2010,3.1
Georgia,2010,0.1
Georgia,2010,277.4
Georgia,2010,15.6
Georgia,2010,4.0
Georgia,2014,2.7
Georgia,2014,3.9
Georgia,2014,1.6
Georgia,2014,5.7
Georgia,2014,236.9
Georgia,2014,11.7
Georgia,2014,3.2
Georgia,2018,2.2
Georgia,2018,3.7
Georgia,2018,0.9
Georgia,2018,4.6
Germany,2005,1.1
Germany,2005,1.2
Germany,2005,0.9
Germany,2005,605.8
Germany,2005,2.1
Germany,2005,2738.2
Germany,2005,67.6
Germany,2010,1.0
Germany,2010,1.0
Germany,2010,1.0
Germany,2010,176.8
Germany,2010,6.1
Germany,2010,1509.4
Germany,2010,59.6
Germany,2010,45.2
Germany,2017,1.0
Germany,2017,1.1
Germany,2017,0.9
Germany,2017,165.8
Germany,2017,5.6
Germany,2017,1399.0
Germany,2017,47.0
Germany,2017,42.1
Germany,2018,0.9
Germany,2018,1.0
Germany,2018,0.9
Germany,2018,164.5
Germany,2018,5.5
Germany,2018,1302.2
Ghana,2005,1.8
Ghana,2010,1.7
Ghana,2017,2.1
Gibraltar,2010,3.0
Greece,2005,1.2
Greece,2005,1.6
Greece,2005,0.8
Greece,2005,69.3
Greece,2005,0.2
Greece,2005,549.2
Greece,2005,5.6
Greece,2010,1.6
Greece,2010,2.7
Greece,2010,0.6
Greece,2010,10.1
Greece,2010,1.6
Greece,2010,1088.6
Greece,2010,55.8
Greece,2010,4.7
Greece,2017,0.8
Greece,2017,1.2
Greece,2017,0.4
Greece,2017,14.3
Greece,2017,0.7
Greece,2017,641.9
Greece,2017,40.4
Greece,2017,4.3
Greece,2018,0.9
Greece,2018,1.4
Greece,2018,0.5
Greece,2018,15.1
Greece,2018,0.7
Greece,2018,554.0
Greenland,2005,17.6
Greenland,2010,19.4
Greenland,2016,5.3
Grenada,2005,10.5
Grenada,2005,15.2
Grenada,2005,5.8
Grenada,2005,1809.7
Grenada,2005,0.0
Grenada,2005,1732.3
Grenada,2005,144.3
Grenada,2010,9.4
Grenada,2010,14.9
Grenada,2010,3.8
Grenada,2010,1084.5
Grenada,2010,0.0
Grenada,2010,904.7
Grenada,2010,24.5
Grenada,2010,104.5
Grenada,2016,10.0
Grenada,2016,14.4
Grenada,2016,5.5
Grenada,2016,396.3
Grenada,2016,0.0
Grenada,2016,2245.5
Grenada,2016,49.9
Grenada,2016,207.7
Grenada,2017,10.8
Grenada,2017,17.9
Grenada,2017,3.6
Grenada,2017,338.2
Grenada,2017,0.0
Grenada,2017,51.4
Grenada,2017,179.5
Guadeloupe,2005,5.7
Guadeloupe,2005,11.3
Guadeloupe,2005,0.7
Guadeloupe,2009,8.9
Guadeloupe,2009,16.2
Guadeloupe,2009,2.5
Guadeloupe,2016,5.8
Guam,2005,4.4
Guam,2010,1.9
Guam,2011,2.5
Guatemala,2005,40.8
Guatemala,2005,75.0
Guatemala,2005,7.8
Guatemala,2005,46.5
Guatemala,2005,0.4
Guatemala,2005,32.9
Guatemala,2005,2.4
Guatemala,2010,40.7
Guatemala,2010,73.3
Guatemala,2010,9.3
Guatemala,2010,50.9
Guatemala,2010,0.9
Guatemala,2010,44.5
Guatemala,2010,22.1
Guatemala,2010,3.4
Guatemala,2012,33.8
Guatemala,2012,61.0
Guatemala,2012,7.4
Guatemala,2012,39.9
Guatemala,2012,0.5
Guatemala,2012,59.7
Guatemala,2012,25.0
Guatemala,2012,4.3
Guatemala,2015,29.4
Guatemala,2015,54.6
Guatemala,2015,7.6
Guatemala,2015,14.6
Guatemala,2015,2.5
Guatemala,2015,290.1
Guatemala,2015,65.8
Guatemala,2016,27.3
Guatemala,2016,94.6
Guatemala,2016,11.2
Guatemala,2016,296.2
Guatemala,2016,62.6
Guatemala,2018,22.5
Guinea,2005,3.1
Guinea,2005,0.2
Guinea,2007,3.1
Guinea,2007,0.2
Guinea,2007,14.2
Guinea,2007,0.3
Guinea,2008,0.3
Guinea-Bissau,2014,3.8
Guinea-Bissau,2014,195.8
Guinea-Bissau,2014,3.6
Guinea-Bissau,2014,58.9
Guinea-Bissau,2014,42.1
Guinea-Bissau,2016,3.6
Guinea-Bissau,2016,112.2
Guinea-Bissau,2016,0.7
Guinea-Bissau,2016,20.3
Guinea-Bissau,2017,1.1
Guyana,2005,19.0
Guyana,2005,30.5
Guyana,2005,7.5
Guyana,2005,32.0
Guyana,2010,18.7
Guyana,2010,29.3
Guyana,2010,8.2
Guyana,2010,1492.1
Guyana,2010,0.3
Guyana,2010,521.2
Guyana,2010,146.1
Guyana,2010,19.6
Guyana,2017,14.8
Guyana,2017,24.2
Guyana,2017,5.4
Guyana,2017,271.2
Guyana,2017,0.0
Guyana,2017,161.2
Guyana,2017,31.7
Guyana,2018,14.2
Guyana,2018,22.5
Guyana,2018,5.9
Guyana,2018,67.3
Guyana,2018,0.0
Guyana,2018,180.6
Haiti,2010,6.8
Haiti,2018,6.7
Haiti,2018,12.5
Haiti,2018,1.0
Haiti,2018,11.5
Haiti,2018,0.4
Holy See,2010,0.0
Holy See,2010,0.0
Holy See,2010,0.0
Holy See,2010,0.0
Holy See,2010,0.0
Holy See,2010,0.0
Holy See,2010,0.0
Holy See,2010,0.0
Holy See,2015,0.0
Holy See,2015,0.0
Holy See,2015,0.0
Holy See,2015,0.0
Holy See,2015,0.0
Holy See,2015,0.0
Holy See,2015,0.0
Holy See,2015,0.0
Honduras,2005,43.1
Honduras,2010,75.0
Honduras,2010,141.0
Honduras,2010,9.2
Honduras,2010,53.8
Honduras,2017,41.0
Honduras,2017,73.7
Honduras,2017,8.3
Honduras,2017,21.8
Honduras,2017,0.2
Honduras,2017,120.8
Honduras,2017,15.5
Honduras,2018,38.9
Honduras,2018,70.1
Honduras,2018,7.8
Honduras,2018,24.2
Honduras,2018,0.4
Honduras,2018,40.8
Hungary,2005,1.6
Hungary,2005,1.8
Hungary,2005,1.4
Hungary,2005,122.3
Hungary,2005,0.1
Hungary,2005,1251.8
Hungary,2005,8.5
Hungary,2010,1.4
Hungary,2010,1.6
Hungary,2010,1.2
Hungary,2010,146.8
Hungary,2010,0.2
Hungary,2010,1351.8
Hungary,2010,34.2
Hungary,2010,13.0
Hungary,2014,1.5
Hungary,2014,1.7
Hungary,2014,1.3
Hungary,2014,137.4
Hungary,2014,0.0
Hungary,2014,1090.7
Hungary,2014,19.9
Hungary,2014,7.9
Hungary,2017,2.5
Hungary,2017,3.7
Hungary,2017,1.4
Hungary,2017,0.0
Hungary,2017,825.7
Hungary,2017,8.6
Hungary,2017,6.0
Hungary,2018,0.0
Hungary,2018,633.4
Iceland,2005,1.0
Iceland,2005,2.0
Iceland,2005,0.0
Iceland,2005,1078.4
Iceland,2005,97.6
Iceland,2010,0.6
Iceland,2010,1.2
Iceland,2010,0.0
Iceland,2010,17.8
Iceland,2010,1535.9
Iceland,2010,13.1
Iceland,2010,67.7
Iceland,2017,0.9
Iceland,2017,0.6
Iceland,2017,1.2
Iceland,2017,30.8
Iceland,2017,1143.0
Iceland,2017,14.7
Iceland,2017,142.3
Iceland,2018,0.9
Iceland,2018,1.2
Iceland,2018,0.6
Iceland,2018,36.2
Iceland,2018,975.6
India,2005,3.9
India,2005,5.0
India,2005,2.8
India,2005,23.6
India,2005,2.0
India,2005,23.8
India,2005,5.4
India,2010,3.8
India,2010,4.5
India,2010,3.0
India,2010,23.4
India,2010,3.1
India,2010,26.8
India,2010,1.9
India,2010,5.9
India,2013,3.6
India,2013,4.2
India,2013,2.9
India,2013,26.1
India,2013,5.1
India,2013,29.1
India,2013,2.8
India,2013,9.1
India,2018,3.1
India,2018,3.4
India,2018,2.7
Indonesia,2004,0.6
Indonesia,2010,0.4
Indonesia,2010,13.2
Indonesia,2010,0.2
Indonesia,2010,10.1
Indonesia,2010,4.1
Indonesia,2017,0.4
Indonesia,2017,4.7
Indonesia,2017,0.1
Indonesia,2017,24.0
Indonesia,2017,4.0
Indonesia,2017,2.1
Indonesia,2018,4.2
Indonesia,2018,0.1
Indonesia,2018,19.8
Iran (Islamic Republic of),2004,2.9
Iran (Islamic Republic of),2004,159.3
Iran (Islamic Republic of),2009,3.0
Iran (Islamic Republic of),2014,2.5
Iran (Islamic Republic of),2014,4.4
Iran (Islamic Republic of),2014,0.6
Iraq,2010,9.0
Iraq,2010,14.7
Iraq,2010,3.3
Iraq,2013,10.1
Iraq,2013,16.7
Iraq,2013,3.3
Ireland,2005,1.3
Ireland,2005,2.1
Ireland,2005,0.4
Ireland,2005,301.3
Ireland,2005,1.8
Ireland,2005,1421.8
Ireland,2005,43.5
Ireland,2010,1.2
Ireland,2010,2.1
Ireland,2010,0.3
Ireland,2010,330.2
Ireland,2010,2.9
Ireland,2010,1436.3
Ireland,2010,70.2
Ireland,2010,52.0
Ireland,2017,0.9
Ireland,2017,1.1
Ireland,2017,0.6
Ireland,2017,85.9
Ireland,2017,1.6
Ireland,2017,1408.3
Ireland,2017,42.5
Ireland,2017,60.9
Ireland,2018,0.9
Ireland,2018,1.3
Ireland,2018,0.4
Ireland,2018,93.5
Ireland,2018,1339.3
Isle of Man,2016,0.0
Israel,2005,2.6
Israel,2005,3.8
Israel,2005,1.5
Israel,2005,782.8
Israel,2005,6.4
Israel,2005,1918.8
Israel,2005,70.4
Israel,2010,2.0
Israel,2010,3.2
Israel,2010,0.9
Israel,2010,626.3
Israel,2010,3.6
Israel,2010,984.7
Israel,2010,39.6
Israel,2010,67.5
Israel,2011,2.0
Israel,2011,3.1
Israel,2011,0.9
Israel,2011,575.2
Israel,2011,3.5
Israel,2011,945.7
Israel,2011,36.7
Israel,2011,61.1
Israel,2017,1.5
Israel,2017,2.4
Israel,2017,0.6
Italy,2005,1.0
Italy,2005,1.7
Italy,2005,0.5
Italy,2005,97.2
Italy,2005,0.6
Italy,2005,1882.9
Italy,2005,6.9
Italy,2010,0.9
Italy,2010,1.3
Italy,2010,0.5
Italy,2010,109.3
Italy,2010,0.6
Italy,2010,1591.3
Italy,2010,80.9
Italy,2010,8.1
Italy,2017,0.6
Italy,2017,0.8
Italy,2017,0.4
Italy,2017,108.6
Italy,2017,0.3
Italy,2017,1763.5
Italy,2017,51.4
Italy,2017,8.4
Italy,2018,0.6
Italy,2018,0.7
Italy,2018,0.4
Italy,2018,109.4
Italy,2018,0.3
Italy,2018,1651.6
Jamaica,2005,61.1
Jamaica,2005,109.6
Jamaica,2005,13.5
Jamaica,2005,1.1
Jamaica,2005,39.9
Jamaica,2008,58.2
Jamaica,2008,105.3
Jamaica,2008,11.8
Jamaica,2008,1.5
Jamaica,2008,52.9
Jamaica,2010,51.5
Jamaica,2010,93.2
Jamaica,2010,10.3
Jamaica,2010,50.1
Jamaica,2010,101.6
Jamaica,2010,52.9
Jamaica,2017,56.4
Jamaica,2017,102.5
Jamaica,2017,10.9
Jamaica,2017,98.7
Jamaica,2017,0.4
Jamaica,2017,26.7
Jamaica,2017,43.4
Jamaica,2017,54.7
Jamaica,2018,43.9
Jamaica,2018,99.5
Jamaica,2018,0.4
Jamaica,2018,24.3
Japan,2005,0.5
Japan,2005,0.5
Japan,2005,0.5
Japan,2005,47.0
Japan,2005,0.2
Japan,2005,719.5
Japan,2005,8.4
Japan,2010,0.4
Japan,2010,0.4
Japan,2010,0.4
Japan,2010,20.7
Japan,2010,0.1
Japan,2010,480.8
Japan,2010,3.2
Japan,2010,6.5
Japan,2016,0.3
Japan,2016,0.3
Japan,2016,0.3
Japan,2016,19.1
Japan,2016,0.2
Japan,2016,293.1
Japan,2016,1.8
Japan,2016,5.6
Japan,2018,0.3
Japan,2018,0.2
Japan,2018,0.3
Jordan,2005,1.2
Jordan,2005,254.6
Jordan,2005,0.5
Jordan,2005,122.6
Jordan,2006,1.7
Jordan,2006,261.9
Jordan,2006,0.6
Jordan,2006,149.3
Jordan,2010,1.6
Jordan,2010,2.1
Jordan,2010,1.1
Jordan,2010,168.0
Jordan,2012,2.0
Jordan,2012,3.3
Jordan,2012,0.6
Jordan,2012,167.0
Jordan,2017,1.4
Jordan,2017,2.0
Jordan,2017,0.7
Jordan,2017,6.1
Kazakhstan,2004,13.7
Kazakhstan,2005,0.6
Kazakhstan,2005,409.9
Kazakhstan,2010,8.5
Kazakhstan,2010,13.3
Kazakhstan,2010,4.1
Kazakhstan,2010,9.8
Kazakhstan,2010,0.8
Kazakhstan,2010,369.1
Kazakhstan,2010,66.0
Kazakhstan,2010,2.2
Kazakhstan,2015,4.9
Kazakhstan,2015,7.1
Kazakhstan,2015,2.8
Kazakhstan,2015,5.1
Kazakhstan,2015,0.5
Kazakhstan,2015,1188.9
Kazakhstan,2015,69.4
Kazakhstan,2015,2.7
Kazakhstan,2017,5.1
Kazakhstan,2017,7.9
Kazakhstan,2017,2.4
Kazakhstan,2017,11.3
Kazakhstan,2017,0.4
Kazakhstan,2017,52.4
Kazakhstan,2017,11.7
Kenya,2005,3.0
Kenya,2005,34.7
Kenya,2005,0.4
Kenya,2005,33.3
Kenya,2005,7.1
Kenya,2010,4.6
Kenya,2010,33.5
Kenya,2010,0.2
Kenya,2010,28.5
Kenya,2010,6.8
Kenya,2010,11.5
Kenya,2016,4.8
Kenya,2016,7.1
Kenya,2016,2.6
Kenya,2016,32.0
Kenya,2016,2.8
Kenya,2016,5.4
Kenya,2016,12.7
Kenya,2017,4.9
Kenya,2017,8.1
Kenya,2017,1.7
Kenya,2017,31.8
Kenya,2017,0.1
Kenya,2017,5.4
Kenya,2017,10.9
Kenya,2018,4.9
Kenya,2018,4.4
Kenya,2018,1.7
Kenya,2018,34.1
Kenya,2018,0.0
Kiribati,2001,4.7
Kiribati,2010,3.9
Kiribati,2012,7.5
Kosovo,2010,6.0
Kosovo,2010,9.6
Kosovo,2010,2.3
Kosovo,2010,170.3
Kosovo,2010,1.9
Kosovo,2010,689.9
Kosovo,2010,25.6
Kosovo,2010,6.7
Kosovo,2017,2.6
Kosovo,2017,3.8
Kosovo,2017,1.4
Kosovo,2017,18.6
Kosovo,2017,0.9
Kosovo,2017,312.2
Kosovo,2017,17.2
Kosovo,2017,24.7
Kosovo,2018,2.4
Kosovo,2018,3.8
Kosovo,2018,1.0
Kosovo,2018,17.0
Kosovo,2018,0.9
Kosovo,2018,324.4
Kuwait,2005,1.8
Kuwait,2005,1.9
Kuwait,2005,1.7
Kuwait,2005,26.2
Kuwait,2005,12.3
Kuwait,2005,431.2
Kuwait,2005,16.4
Kuwait,2009,1.7
Kuwait,2009,2.3
Kuwait,2009,1.0
Kuwait,2009,24.3
Kuwait,2009,12.7
Kuwait,2009,288.2
Kuwait,2009,18.0
Kuwait,2010,2.0
Kuwait,2010,2.7
Kuwait,2010,1.0
Kuwait,2012,1.8
Kuwait,2012,2.6
Kuwait,2012,0.7
Kyrgyzstan,2005,9.7
Kyrgyzstan,2005,15.3
Kyrgyzstan,2005,4.1
Kyrgyzstan,2005,5.2
Kyrgyzstan,2005,0.5
Kyrgyzstan,2005,243.0
Kyrgyzstan,2009,7.9
Kyrgyzstan,2009,10.9
Kyrgyzstan,2009,4.9
Kyrgyzstan,2009,6.7
Kyrgyzstan,2009,0.1
Kyrgyzstan,2009,205.0
Kyrgyzstan,2010,16.8
Kyrgyzstan,2010,9.9
Kyrgyzstan,2010,1.5
Kyrgyzstan,2010,182.3
Kyrgyzstan,2010,51.6
Kyrgyzstan,2017,4.1
Kyrgyzstan,2017,4.0
Kyrgyzstan,2017,0.8
Kyrgyzstan,2017,162.1
Kyrgyzstan,2017,15.9
Kyrgyzstan,2018,2.2
Kyrgyzstan,2018,2.5
Kyrgyzstan,2018,0.3
Kyrgyzstan,2018,183.3
Latvia,2005,5.6
Latvia,2005,48.9
Latvia,2005,0.3
Latvia,2005,1078.5
Latvia,2005,32.0
Latvia,2010,3.3
Latvia,2010,57.9
Latvia,2010,0.4
Latvia,2010,1211.0
Latvia,2010,50.6
Latvia,2010,10.9
Latvia,2017,4.2
Latvia,2017,4.6
Latvia,2017,3.8
Latvia,2017,33.7
Latvia,2017,0.2
Latvia,2017,744.9
Latvia,2017,31.0
Latvia,2017,13.4
Latvia,2018,4.4
Latvia,2018,4.6
Latvia,2018,4.1
Latvia,2018,33.5
Latvia,2018,0.5
Latvia,2018,728.4
Lebanon,2010,3.3
Lebanon,2010,191.7
Lebanon,2010,11.3
Lebanon,2010,579.7
Lebanon,2010,4.2
Lebanon,2015,3.5
Lebanon,2015,118.9
Lebanon,2015,15.4
Lebanon,2015,383.2
Lebanon,2015,42.7
Lebanon,2015,3.2
Lebanon,2016,3.5
Lebanon,2016,111.6
Lebanon,2016,2.8
Lebanon,2017,3.6
Lebanon,2017,2.2
Lebanon,2018,2.5
Lesotho,2009,36.3
Lesotho,2009,368.4
Lesotho,2009,3.1
Lesotho,2009,226.0
Lesotho,2010,38.3
Lesotho,2015,43.6
Liberia,2010,3.3
Liberia,2012,3.3
Liechtenstein,2005,0.0
Liechtenstein,2005,204.5
Liechtenstein,2005,0.0
Liechtenstein,2005,504.1
Liechtenstein,2005,51.8
Liechtenstein,2009,0.0
Liechtenstein,2009,0.0
Liechtenstein,2009,0.0
Liechtenstein,2009,251.9
Liechtenstein,2009,0.0
Liechtenstein,2009,543.1
Liechtenstein,2009,8.4
Liechtenstein,2010,2.8
Liechtenstein,2010,0.0
Liechtenstein,2010,213.9
Liechtenstein,2010,0.0
Liechtenstein,2010,483.4
Liechtenstein,2010,5.6
Liechtenstein,2010,16.7
Liechtenstein,2016,0.0
Liechtenstein,2016,0.0
Liechtenstein,2016,0.0
Liechtenstein,2016,188.6
Liechtenstein,2016,0.0
Liechtenstein,2016,520.5
Liechtenstein,2016,10.6
Liechtenstein,2016,23.9
Liechtenstein,2017,2.6
Liechtenstein,2017,0.0
Liechtenstein,2017,219.6
Liechtenstein,2017,394.1
Liechtenstein,2017,5.3
Liechtenstein,2017,21.2
Liechtenstein,2018,2.6
Liechtenstein,2018,0.0
Liechtenstein,2018,208.3
Liechtenstein,2018,427.2
Lithuania,2005,11.1
Lithuania,2005,17.5
Lithuania,2005,5.6
Lithuania,2005,12.2
Lithuania,2005,2.1
Lithuania,2005,825.8
Lithuania,2005,16.7
Lithuania,2010,7.0
Lithuania,2010,10.0
Lithuania,2010,4.4
Lithuania,2010,7.8
Lithuania,2010,2.2
Lithuania,2010,849.3
Lithuania,2010,87.3
Lithuania,2010,16.5
Lithuania,2017,4.5
Lithuania,2017,6.2
Lithuania,2017,3.1
Lithuania,2017,6.3
Lithuania,2017,0.0
Lithuania,2017,598.9
Lithuania,2017,38.2
Lithuania,2017,7.9
Lithuania,2018,4.6
Lithuania,2018,5.7
Lithuania,2018,3.6
Lithuania,2018,6.6
Lithuania,2018,0.0
Lithuania,2018,458.1
Luxembourg,2004,0.4
Luxembourg,2004,0.4
Luxembourg,2004,0.4
Luxembourg,2005,0.9
Luxembourg,2010,2.0
Luxembourg,2010,2.0
Luxembourg,2010,2.0
Luxembourg,2010,487.3
Luxembourg,2010,5.3
Luxembourg,2010,1421.2
Luxembourg,2010,74.2
Luxembourg,2010,41.5
Luxembourg,2014,0.7
Luxembourg,2014,0.7
Luxembourg,2014,0.7
Luxembourg,2014,131.3
Luxembourg,2014,9.4
Luxembourg,2014,1850.1
Luxembourg,2014,110.9
Luxembourg,2014,64.7
Luxembourg,2017,0.3
Luxembourg,2017,98.8
Luxembourg,2017,7.8
Luxembourg,2017,1704.6
Luxembourg,2017,76.7
Luxembourg,2017,61.2
Luxembourg,2018,101.1
Luxembourg,2018,6.0
Luxembourg,2018,1706.6
Madagascar,2010,16.3
Madagascar,2010,0.0
Madagascar,2010,0.3
Madagascar,2010,14.8
Madagascar,2010,3.3
Madagascar,2015,9.0
Madagascar,2015,0.0
Madagascar,2015,0.9
Madagascar,2015,7.2
Madagascar,2015,4.6
Malawi,2005,1.6
Malawi,2010,3.6
Malawi,2012,1.8
Malaysia,2005,2.4
Malaysia,2005,16.5
Malaysia,2005,133.6
Malaysia,2006,2.2
Malaysia,2006,21.8
Malaysia,2006,141.7
Malaysia,2010,1.9
Malaysia,2013,2.1
Maldives,2003,1.3
Maldives,2004,0.3
Maldives,2010,1.6
Maldives,2010,7.1
Maldives,2010,1094.0
Maldives,2010,143.0
Maldives,2013,0.7
Maldives,2013,1.9
Maldives,2013,1608.1
Maldives,2013,137.9
Maldives,2017,71.3
Maldives,2017,6.8
Maldives,2017,17.5
Maldives,2017,85.6
Malta,2005,1.0
Malta,2005,1.0
Malta,2005,1.0
Malta,2005,2375.3
Malta,2010,1.0
Malta,2010,1.5
Malta,2010,0.5
Malta,2010,43.5
Malta,2010,0.0
Malta,2010,1875.4
Malta,2010,47.3
Malta,2010,22.0
Malta,2017,2.1
Malta,2017,3.6
Malta,2017,0.5
Malta,2017,42.5
Malta,2017,0.0
Malta,2017,1885.0
Malta,2017,46.1
Malta,2017,17.8
Malta,2018,1.6
Malta,2018,1.4
Malta,2018,1.8
Malta,2018,41.7
Malta,2018,0.0
Malta,2018,1486.2
Martinique,2005,4.8
Martinique,2009,2.8
Martinique,2009,4.4
Martinique,2009,1.4
Mauritius,2005,3.0
Mauritius,2005,3.9
Mauritius,2005,2.1
Mauritius,2005,10.0
Mauritius,2005,1172.2
Mauritius,2005,25.7
Mauritius,2010,2.6
Mauritius,2010,4.0
Mauritius,2010,1.3
Mauritius,2010,19.1
Mauritius,2010,2.8
Mauritius,2010,864.0
Mauritius,2010,86.9
Mauritius,2010,34.6
Mauritius,2011,2.6
Mauritius,2011,3.9
Mauritius,2011,1.3
Mauritius,2011,18.4
Mauritius,2011,4.0
Mauritius,2011,731.1
Mauritius,2011,65.1
Mauritius,2011,37.2
Mauritius,2018,2.9
Mauritius,2018,3.7
Mauritius,2018,2.2
Mayotte,2009,5.9
Mexico,2005,9.4
Mexico,2005,16.6
Mexico,2005,2.4
Mexico,2005,225.6
Mexico,2005,0.3
Mexico,2005,80.0
Mexico,2005,27.0
Mexico,2010,22.6
Mexico,2010,41.8
Mexico,2010,4.2
Mexico,2010,202.2
Mexico,2010,1.1
Mexico,2010,115.8
Mexico,2010,647.0
Mexico,2010,29.9
Mexico,2017,25.7
Mexico,2017,46.9
Mexico,2017,5.4
Mexico,2017,44.2
Mexico,2017,1.3
Mexico,2017,305.4
Mexico,2017,196.1
Mexico,2017,30.7
Mexico,2018,29.1
Mexico,2018,53.3
Mexico,2018,5.8
Mexico,2018,37.1
Mexico,2018,1.5
Mexico,2018,290.7
Monaco,2005,3.0
Monaco,2005,458.0
Monaco,2005,0.0
Monaco,2005,957.4
Monaco,2006,2.9
Monaco,2006,409.5
Monaco,2006,5.9
Monaco,2006,1012.0
Monaco,2010,0.0
Monaco,2015,0.0
Monaco,2015,0.0
Monaco,2015,0.0
Monaco,2015,522.2
Monaco,2015,2.7
Monaco,2015,1442.1
Monaco,2015,31.8
Monaco,2015,15.9
Monaco,2016,2.6
Monaco,2016,1092.7
Monaco,2016,13.1
Mongolia,2005,15.8
Mongolia,2005,118.4
Mongolia,2005,0.0
Mongolia,2005,264.5
Mongolia,2005,13.4
Mongolia,2010,8.8
Mongolia,2010,12.8
Mongolia,2010,4.9
Mongolia,2010,214.0
Mongolia,2010,0.0
Mongolia,2010,212.4
Mongolia,2010,19.1
Mongolia,2010,13.3
Mongolia,2017,6.1
Mongolia,2017,9.5
Mongolia,2017,2.9
Mongolia,2017,14.7
Mongolia,2017,0.1
Mongolia,2017,363.6
Mongolia,2017,39.6
Mongolia,2017,12.1
Mongolia,2018,6.2
Mongolia,2018,9.7
Mongolia,2018,2.8
Mongolia,2018,10.3
Mongolia,2018,0.2
Mongolia,2018,423.4
Montenegro,2005,3.6
Montenegro,2005,25.2
Montenegro,2005,249.8
Montenegro,2005,5.7
Montenegro,2010,2.4
Montenegro,2010,2.6
Montenegro,2010,2.2
Montenegro,2010,30.9
Montenegro,2010,0.3
Montenegro,2010,84.9
Montenegro,2010,5.8
Montenegro,2017,2.4
Montenegro,2017,3.5
Montenegro,2017,1.3
Montenegro,2017,23.4
Montenegro,2017,0.0
Montenegro,2017,80.2
Montenegro,2017,18.8
Montenegro,2017,3.7
Montenegro,2018,2.2
Montenegro,2018,3.9
Montenegro,2018,0.6
Montenegro,2018,24.4
Montenegro,2018,0.0
Montenegro,2018,70.1
Montserrat,2004,0.0
Montserrat,2004,0.0
Montserrat,2004,0.0
Montserrat,2005,20.7
Montserrat,2005,0.0
Montserrat,2008,20.4
Montserrat,2008,0.0
Montserrat,2012,20.3
Montserrat,2012,0.0
Morocco,2005,1.5
Morocco,2005,107.1
Morocco,2005,1.0
Morocco,2005,203.9
Morocco,2005,3.1
Morocco,2009,1.4
Morocco,2009,2.4
Morocco,2009,0.3
Morocco,2009,97.4
Morocco,2009,1.0
Morocco,2009,245.5
Morocco,2009,10.2
Morocco,2010,1.4
Morocco,2017,2.1
Morocco,2017,3.7
Morocco,2017,0.6
Morocco,2017,331.3
Morocco,2017,2.1
Morocco,2017,135.4
Morocco,2017,11.3
Morocco,2018,1.4
Morocco,2018,2.5
Morocco,2018,0.4
Morocco,2018,309.0
Morocco,2018,2.3
Morocco,2018,174.7
Mozambique,2005,5.3
Mozambique,2005,6.2
Mozambique,2005,27.1
Mozambique,2005,3.8
Mozambique,2009,3.6
Mozambique,2009,2.3
Mozambique,2009,20.7
Mozambique,2009,2.7
Mozambique,2010,3.7
Mozambique,2011,3.5
Myanmar,2005,1.4
Myanmar,2010,1.6
Myanmar,2010,2.7
Myanmar,2010,0.6
Myanmar,2010,5.3
Myanmar,2010,3.4
Myanmar,2010,0.0
Myanmar,2010,0.5
Myanmar,2013,2.4
Myanmar,2013,4.1
Myanmar,2013,0.8
Myanmar,2013,9.7
Myanmar,2013,0.0
Myanmar,2013,5.2
Myanmar,2013,0.2
Myanmar,2013,0.7
Myanmar,2016,2.3
Myanmar,2016,3.9
Myanmar,2016,0.7
Myanmar,2016,8.7
Myanmar,2016,0.0
Myanmar,2016,5.9
Myanmar,2016,0.3
Myanmar,2018,8.7
Myanmar,2018,0.0
Myanmar,2018,8.9
Namibia,2004,18.5
Namibia,2010,14.8
Namibia,2012,17.7
Nepal,2005,3.4
Nepal,2005,4.1
Nepal,2005,0.5
Nepal,2005,2.0
Nepal,2006,2.3
Nepal,2006,4.0
Nepal,2006,0.9
Nepal,2006,2.1
Nepal,2010,3.0
Nepal,2016,2.3
Nepal,2016,0.2
Nepal,2016,0.1
Nepal,2016,4.7
Nepal,2016,0.3
Netherlands,2005,1.1
Netherlands,2005,1.4
Netherlands,2005,0.7
Netherlands,2005,409.7
Netherlands,2005,5.6
Netherlands,2005,4631.5
Netherlands,2005,44.5
Netherlands,2010,0.9
Netherlands,2010,1.1
Netherlands,2010,0.6
Netherlands,2010,361.3
Netherlands,2010,3.9
Netherlands,2010,3968.8
Netherlands,2010,96.7
Netherlands,2010,57.6
Netherlands,2017,0.8
Netherlands,2017,1.1
Netherlands,2017,0.5
Netherlands,2017,28.1
Netherlands,2017,2.3
Netherlands,2017,1522.2
Netherlands,2017,46.9
Netherlands,2017,28.3
Netherlands,2018,0.6
Netherlands,2018,0.8
Netherlands,2018,0.4
Netherlands,2018,26.8
Netherlands,2018,2.5
Netherlands,2018,1372.5
New Caledonia,2009,3.2
New Zealand,2005,1.5
New Zealand,2005,1.7
New Zealand,2005,1.3
New Zealand,2005,234.2
New Zealand,2005,7.0
New Zealand,2005,3087.9
New Zealand,2005,59.6
New Zealand,2010,1.0
New Zealand,2010,1.0
New Zealand,2010,1.0
New Zealand,2010,257.7
New Zealand,2010,5.2
New Zealand,2010,2676.0
New Zealand,2010,57.0
New Zealand,2010,66.7
New Zealand,2017,0.7
New Zealand,2017,1.0
New Zealand,2017,0.5
New Zealand,2017,521.6
New Zealand,2017,8.1
New Zealand,2017,2898.9
New Zealand,2017,79.7
New Zealand,2017,126.0
New Zealand,2018,534.0
New Zealand,2018,9.5
New Zealand,2018,2853.5
Nicaragua,2005,13.4
Nicaragua,2005,355.5
Nicaragua,2005,0.2
Nicaragua,2005,266.8
Nicaragua,2010,13.5
Nicaragua,2010,24.6
Nicaragua,2010,2.6
Nicaragua,2010,315.0
Nicaragua,2010,0.1
Nicaragua,2010,179.5
Nicaragua,2010,488.1
Nicaragua,2010,62.3
Nicaragua,2015,8.4
Nicaragua,2015,14.9
Nicaragua,2015,2.1
Nicaragua,2016,7.2
Niger,2012,4.4
Nigeria,2010,11.4
Nigeria,2010,0.5
Nigeria,2010,12.9
Nigeria,2010,1.4
Nigeria,2010,1.1
Nigeria,2013,9.6
Nigeria,2013,0.3
Nigeria,2013,14.0
Nigeria,2013,1.1
Nigeria,2013,1.0
Nigeria,2016,34.5
North Macedonia,2005,2.1
North Macedonia,2005,3.4
North Macedonia,2005,0.9
North Macedonia,2005,1.2
North Macedonia,2010,2.1
North Macedonia,2010,2.7
North Macedonia,2010,1.4
North Macedonia,2010,12.0
North Macedonia,2010,0.8
North Macedonia,2010,236.4
North Macedonia,2010,29.2
North Macedonia,2010,6.0
North Macedonia,2014,1.7
North Macedonia,2014,2.4
North Macedonia,2014,1.0
North Macedonia,2014,10.3
North Macedonia,2014,0.4
North Macedonia,2014,239.8
North Macedonia,2014,14.7
North Macedonia,2014,6.5
North Macedonia,2017,1.5
North Macedonia,2017,2.6
North Macedonia,2017,0.4
North Macedonia,2017,7.1
North Macedonia,2017,0.3
North Macedonia,2017,20.0
North Macedonia,2017,4.9
North Macedonia,2018,1.2
North Macedonia,2018,1.5
North Macedonia,2018,0.9
Norway,2005,0.7
Norway,2005,0.7
Norway,2005,0.7
Norway,2005,63.9
Norway,2005,2991.6
Norway,2005,42.3
Norway,2010,0.6
Norway,2010,0.6
Norway,2010,0.6
Norway,2010,59.9
Norway,2010,2592.9
Norway,2010,34.5
Norway,2010,50.1
Norway,2017,0.5
Norway,2017,0.6
Norway,2017,0.5
Norway,2017,39.9
Norway,2017,1778.2
Norway,2017,14.7
Norway,2017,106.4
Norway,2018,0.5
Norway,2018,0.6
Norway,2018,0.3
Norway,2018,36.9
Norway,2018,1729.5
Oman,2005,2.1
Oman,2008,1.7
Oman,2008,75.7
Oman,2008,0.3
Oman,2008,200.5
Oman,2008,6.7
Oman,2010,1.6
Oman,2017,0.5
Oman,2017,0.7
Oman,2017,0.3
Oman,2017,1.4
Oman,2017,0.3
Oman,2017,51.0
Oman,2017,0.7
Oman,2017,2.8
Oman,2018,0.3
Oman,2018,0.3
Oman,2018,0.1
Oman,2018,1.0
Oman,2018,0.2
Oman,2018,38.2
Other non-specified areas,2001,1.4
Other non-specified areas,2010,0.8
Other non-specified areas,2015,0.8
Pakistan,2005,6.1
Pakistan,2010,7.4
Pakistan,2010,19.8
Pakistan,2010,10.4
Pakistan,2010,27.4
Pakistan,2010,10.1
Pakistan,2010,1.9
Pakistan,2017,4.0
Pakistan,2017,13.1
Pakistan,2017,8.8
Pakistan,2017,31.5
Pakistan,2017,6.2
Pakistan,2017,1.8
Pakistan,2018,3.9
Pakistan,2018,12.5
Pakistan,2018,9.5
Pakistan,2018,34.9
Palau,2018,11.2
Panama,2005,10.9
Panama,2005,19.6
Panama,2005,2.2
Panama,2005,0.5
Panama,2005,419.7
Panama,2005,23.5
Panama,2010,12.6
Panama,2010,23.4
Panama,2010,1.7
Panama,2010,166.4
Panama,2010,1.0
Panama,2010,501.3
Panama,2010,261.0
Panama,2010,27.7
Panama,2017,9.7
Panama,2017,17.1
Panama,2017,2.2
Panama,2017,94.2
Panama,2017,0.6
Panama,2017,452.0
Panama,2017,242.8
Panama,2017,114.1
Panama,2018,9.4
Panama,2018,17.0
Panama,2018,1.8
Panama,2018,102.1
Panama,2018,0.4
Panama,2018,395.7
Papua New Guinea,2005,9.3
Papua New Guinea,2010,9.8
Paraguay,2005,15.2
Paraguay,2005,38.4
Paraguay,2005,0.0
Paraguay,2010,11.9
Paraguay,2010,21.0
Paraguay,2010,2.4
Paraguay,2010,31.2
Paraguay,2010,0.0
Paraguay,2010,499.1
Paraguay,2010,218.9
Paraguay,2010,54.3
Paraguay,2016,9.9
Paraguay,2016,17.8
Paraguay,2016,1.7
Paraguay,2016,9.8
Paraguay,2016,0.0
Paraguay,2016,625.3
Paraguay,2016,328.7
Paraguay,2016,71.8
Paraguay,2017,7.9
Paraguay,2017,13.9
Paraguay,2017,1.7
Paraguay,2017,9.5
Paraguay,2017,0.4
Paraguay,2017,284.3
Paraguay,2017,65.0
Paraguay,2018,7.1
Paraguay,2018,12.3
Paraguay,2018,1.8
Paraguay,2018,8.3
Paraguay,2018,0.1
Peru,2005,52.8
Peru,2005,1.8
Peru,2005,188.2
Peru,2010,65.6
Peru,2010,1.6
Peru,2010,192.3
Peru,2010,195.7
Peru,2010,18.2
Peru,2017,7.9
Peru,2017,14.3
Peru,2017,1.6
Peru,2017,82.8
Peru,2017,0.6
Peru,2017,323.0
Peru,2017,222.9
Peru,2017,31.1
Peru,2018,145.3
Peru,2018,0.4
Peru,2018,416.2
Philippines,2005,7.5
Philippines,2005,0.1
Philippines,2005,12.9
Philippines,2010,9.2
Philippines,2010,15.7
Philippines,2010,2.6
Philippines,2010,0.0
Philippines,2010,77.6
Philippines,2010,38.4
Philippines,2010,2.3
Philippines,2012,8.7
Philippines,2012,15.1
Philippines,2012,2.3
Philippines,2012,0.0
Philippines,2012,44.9
Philippines,2012,27.8
Philippines,2012,1.8
Philippines,2017,8.4
Philippines,2017,32.7
Philippines,2017,15.3
Philippines,2018,6.5
Philippines,2018,24.3
Poland,2005,1.4
Poland,2005,2.2
Poland,2005,0.7
Poland,2005,0.1
Poland,2005,726.8
Poland,2010,1.0
Poland,2010,1.4
Poland,2010,0.6
Poland,2010,28.7
Poland,2010,0.1
Poland,2010,532.0
Poland,2010,50.5
Poland,2010,8.1
Poland,2015,0.8
Poland,2015,1.0
Poland,2015,0.6
Poland,2015,18.3
Poland,2015,0.6
Poland,2015,381.8
Poland,2015,26.8
Poland,2015,7.2
Poland,2017,0.8
Poland,2017,1.0
Poland,2017,0.5
Poland,2017,19.2
Poland,2017,281.7
Poland,2017,21.4
Poland,2017,8.5
Poland,2018,0.7
Poland,2018,1.0
Poland,2018,0.4
Poland,2018,17.4
Poland,2018,260.6
Portugal,2005,1.3
Portugal,2005,2.0
Portugal,2005,0.6
Portugal,2005,373.2
Portugal,2005,4.2
Portugal,2005,873.8
Portugal,2005,15.4
Portugal,2010,1.2
Portugal,2010,1.6
Portugal,2010,0.8
Portugal,2010,8.1
Portugal,2010,4.7
Portugal,2010,1088.8
Portugal,2010,192.9
Portugal,2010,20.2
Portugal,2014,0.9
Portugal,2014,0.9
Portugal,2014,0.9
Portugal,2014,5.2
Portugal,2014,3.6
Portugal,2014,1005.6
Portugal,2014,149.7
Portugal,2014,22.4
Portugal,2017,0.7
Portugal,2017,5.7
Portugal,2017,2.8
Portugal,2017,860.6
Portugal,2017,115.5
Portugal,2017,24.7
Portugal,2018,0.8
Portugal,2018,5.7
Portugal,2018,2.7
Portugal,2018,853.8
Puerto Rico,2005,22.7
Puerto Rico,2005,43.6
Puerto Rico,2005,3.5
Puerto Rico,2010,28.8
Puerto Rico,2010,56.2
Puerto Rico,2010,3.4
Puerto Rico,2010,75.8
Puerto Rico,2010,747.9
Puerto Rico,2010,182.0
Puerto Rico,2017,23.0
Puerto Rico,2017,45.9
Puerto Rico,2017,2.2
Puerto Rico,2017,120.6
Puerto Rico,2017,0.9
Puerto Rico,2017,620.6
Puerto Rico,2017,96.6
Puerto Rico,2017,37.7
Puerto Rico,2018,21.1
Puerto Rico,2018,40.8
Puerto Rico,2018,3.2
Puerto Rico,2018,108.5
Puerto Rico,2018,514.6
Qatar,2004,0.7
Qatar,2004,0.8
Qatar,2004,0.4
Qatar,2004,39.6
Qatar,2004,0.8
Qatar,2004,97.4
Qatar,2005,0.7
Qatar,2005,0.3
Qatar,2005,1.4
Qatar,2005,103.7
Qatar,2006,0.5
Qatar,2006,0.6
Qatar,2006,0.3
Qatar,2006,102.0
Qatar,2010,0.2
Qatar,2010,0.3
Qatar,2010,0.0
Qatar,2014,0.4
Qatar,2014,0.4
Qatar,2014,0.3
Republic of Korea,2005,0.8
Republic of Korea,2005,387.6
Republic of Korea,2010,1.0
Republic of Korea,2010,590.1
Republic of Korea,2010,0.4
Republic of Korea,2010,543.8
Republic of Korea,2010,8.9
Republic of Korea,2010,36.8
Republic of Korea,2017,0.6
Republic of Korea,2017,0.6
Republic of Korea,2017,0.6
Republic of Korea,2017,87.3
Republic of Korea,2017,0.1
Republic of Korea,2017,359.6
Republic of Korea,2017,1.9
Republic of Korea,2017,47.2
Republic of Korea,2018,0.6
Republic of Korea,2018,0.6
Republic of Korea,2018,0.6
Republic of Korea,2018,103.3
Republic of Korea,2018,0.1
Republic of Korea,2018,345.5
Republic of Moldova,2005,7.1
Republic of Moldova,2005,9.8
Republic of Moldova,2005,4.6
Republic of Moldova,2005,9.5
Republic of Moldova,2005,0.4
Republic of Moldova,2005,276.6
Republic of Moldova,2005,9.4
Republic of Moldova,2010,6.5
Republic of Moldova,2010,8.3
Republic of Moldova,2010,4.8
Republic of Moldova,2010,10.2
Republic of Moldova,2010,0.9
Republic of Moldova,2010,334.0
Republic of Moldova,2010,4.5
Republic of Moldova,2010,13.6
Republic of Moldova,2014,4.3
Republic of Moldova,2014,7.4
Republic of Moldova,2014,1.5
Republic of Moldova,2014,7.9
Republic of Moldova,2014,2.2
Republic of Moldova,2014,410.7
Republic of Moldova,2014,3.1
Republic of Moldova,2014,15.9
Republic of Moldova,2017,3.5
Republic of Moldova,2017,5.4
Republic of Moldova,2017,1.7
Republic of Moldova,2017,5.8
Republic of Moldova,2017,15.1
Republic of Moldova,2018,4.1
Republic of Moldova,2018,6.6
Republic of Moldova,2018,1.8
Republic of Moldova,2018,5.1
Runion,2005,3.2
Runion,2005,4.5
Runion,2005,1.8
Runion,2009,1.8
Runion,2009,2.3
Runion,2009,1.4
Romania,2005,2.0
Romania,2005,2.7
Romania,2005,1.4
Romania,2005,41.6
Romania,2005,1.3
Romania,2005,201.7
Romania,2010,1.3
Romania,2010,1.8
Romania,2010,0.9
Romania,2010,60.1
Romania,2010,1.6
Romania,2010,238.5
Romania,2010,12.1
Romania,2010,7.3
Romania,2017,1.3
Romania,2017,1.7
Romania,2017,0.9
Romania,2017,1.4
Romania,2017,1.6
Romania,2017,489.2
Romania,2017,16.1
Romania,2017,7.8
Romania,2018,1.3
Romania,2018,1.8
Romania,2018,0.8
Romania,2018,1.3
Romania,2018,1.6
Romania,2018,514.7
Russian Federation,2005,24.8
Russian Federation,2005,40.1
Russian Federation,2005,11.5
Russian Federation,2005,40.3
Russian Federation,2005,0.8
Russian Federation,2005,1094.9
Russian Federation,2005,12.9
Russian Federation,2010,11.6
Russian Federation,2010,18.5
Russian Federation,2010,5.7
Russian Federation,2010,21.2
Russian Federation,2010,0.4
Russian Federation,2010,772.5
Russian Federation,2010,114.7
Russian Federation,2010,10.6
Russian Federation,2017,9.1
Russian Federation,2017,14.5
Russian Federation,2017,4.5
Russian Federation,2017,16.0
Russian Federation,2017,0.2
Russian Federation,2017,453.3
Russian Federation,2017,6.3
Russian Federation,2017,11.6
Russian Federation,2018,8.2
Russian Federation,2018,13.0
Russian Federation,2018,4.1
Russian Federation,2018,15.2
Russian Federation,2018,0.2
Russian Federation,2018,445.0
Rwanda,2010,2.9
Rwanda,2010,20.0
Rwanda,2010,0.1
Rwanda,2010,20.6
Rwanda,2013,3.3
Rwanda,2013,30.5
Rwanda,2013,0.2
Rwanda,2013,25.6
Rwanda,2013,16.0
Rwanda,2015,2.6
Saint Helena,2005,0.0
Saint Helena,2009,0.0
Saint Kitts and Nevis,2004,23.7
Saint Kitts and Nevis,2004,0.0
Saint Kitts and Nevis,2005,17.1
Saint Kitts and Nevis,2010,42.8
Saint Kitts and Nevis,2010,316.3
Saint Kitts and Nevis,2010,4.1
Saint Kitts and Nevis,2010,1087.5
Saint Kitts and Nevis,2010,177.5
Saint Kitts and Nevis,2010,126.5
Saint Kitts and Nevis,2011,68.8
Saint Kitts and Nevis,2011,277.1
Saint Kitts and Nevis,2011,6.1
Saint Kitts and Nevis,2011,993.1
Saint Kitts and Nevis,2011,133.5
Saint Kitts and Nevis,2011,129.4
Saint Kitts and Nevis,2012,36.1
Saint Lucia,2004,22.9
Saint Lucia,2004,41.7
Saint Lucia,2004,4.7
Saint Lucia,2005,25.1
Saint Lucia,2010,25.3
Saint Lucia,2010,44.9
Saint Lucia,2010,6.2
Saint Lucia,2018,21.4
Saint Lucia,2018,39.1
Saint Lucia,2018,4.3
Saint Martin (French part),2016,27.7
Saint Pierre and Miquelon,2006,0.0
Saint Pierre and Miquelon,2006,0.0
Saint Pierre and Miquelon,2006,0.0
Saint Pierre and Miquelon,2009,15.8
Saint Vincent & Grenadines,2005,23.9
Saint Vincent & Grenadines,2005,34.6
Saint Vincent & Grenadines,2005,13.0
Saint Vincent & Grenadines,2005,1152.7
Saint Vincent & Grenadines,2005,1.8
Saint Vincent & Grenadines,2005,1779.6
Saint Vincent & Grenadines,2005,105.0
Saint Vincent & Grenadines,2010,23.1
Saint Vincent & Grenadines,2010,39.9
Saint Vincent & Grenadines,2010,5.6
Saint Vincent & Grenadines,2010,1209.1
Saint Vincent & Grenadines,2010,1.8
Saint Vincent & Grenadines,2010,1756.0
Saint Vincent & Grenadines,2010,108.1
Saint Vincent & Grenadines,2010,155.2
Saint Vincent & Grenadines,2012,25.8
Saint Vincent & Grenadines,2012,1025.5
Saint Vincent & Grenadines,2012,3.7
Saint Vincent & Grenadines,2012,1939.4
Saint Vincent & Grenadines,2012,147.6
Saint Vincent & Grenadines,2012,161.4
Saint Vincent & Grenadines,2016,36.5
Saint Vincent & Grenadines,2016,64.6
Saint Vincent & Grenadines,2016,7.4
Saint Vincent & Grenadines,2016,750.0
Saint Vincent & Grenadines,2016,8.2
Saint Vincent & Grenadines,2016,72.2
Saint Vincent & Grenadines,2016,98.7
Samoa,2010,8.6
Samoa,2013,3.1
San Marino,2005,0.0
San Marino,2005,0.0
San Marino,2005,0.0
San Marino,2010,0.0
San Marino,2010,0.0
San Marino,2010,0.0
San Marino,2011,0.0
San Marino,2011,0.0
San Marino,2011,0.0
Sao Tome and Principe,2004,0.7
Sao Tome and Principe,2010,3.3
Sao Tome and Principe,2010,0.0
Sao Tome and Principe,2010,0.0
Sao Tome and Principe,2010,0.0
Sao Tome and Principe,2010,0.0
Sao Tome and Principe,2010,8.9
Sao Tome and Principe,2010,0.6
Sao Tome and Principe,2010,0.0
Sao Tome and Principe,2011,3.3
Sao Tome and Principe,2011,0.0
Sao Tome and Principe,2011,0.0
Sao Tome and Principe,2011,2.2
Sao Tome and Principe,2011,0.0
Sao Tome and Principe,2011,10.8
Sao Tome and Principe,2011,0.5
Sao Tome and Principe,2011,0.0
Saudi Arabia,2005,1.2
Saudi Arabia,2007,1.1
Saudi Arabia,2015,1.5
Saudi Arabia,2015,1.4
Saudi Arabia,2015,0.1
Saudi Arabia,2017,1.3
Saudi Arabia,2017,2.0
Saudi Arabia,2017,0.3
Saudi Arabia,2017,5.6
Saudi Arabia,2017,1.8
Saudi Arabia,2017,9.3
Senegal,2005,2.5
Senegal,2010,2.4
Senegal,2010,19.7
Senegal,2010,19.7
Senegal,2015,0.3
Senegal,2015,0.0
Senegal,2015,17.2
Senegal,2015,17.2
Senegal,2015,1.7
Senegal,2016,0.9
Serbia,2005,1.6
Serbia,2005,2.3
Serbia,2005,1.0
Serbia,2005,17.6
Serbia,2005,0.3
Serbia,2005,182.4
Serbia,2005,5.8
Serbia,2010,1.4
Serbia,2010,2.0
Serbia,2010,0.9
Serbia,2010,15.5
Serbia,2010,0.2
Serbia,2010,177.0
Serbia,2010,40.3
Serbia,2010,5.5
Serbia,2017,1.1
Serbia,2017,1.5
Serbia,2017,0.6
Serbia,2017,14.6
Serbia,2017,0.1
Serbia,2017,235.2
Serbia,2017,20.7
Serbia,2017,3.5
Serbia,2018,1.2
Serbia,2018,1.9
Serbia,2018,0.6
Serbia,2018,13.9
Serbia,2018,0.2
Serbia,2018,215.5
Seychelles,2004,11.4
Seychelles,2004,18.8
Seychelles,2004,4.1
Seychelles,2010,9.9
Seychelles,2010,16.4
Seychelles,2010,2.9
Seychelles,2014,17.0
Seychelles,2014,27.9
Seychelles,2014,5.4
Seychelles,2016,12.5
Sierra Leone,2005,1.8
Sierra Leone,2008,3.0
Sierra Leone,2008,324.0
Sierra Leone,2008,171.3
Sierra Leone,2008,10.2
Sierra Leone,2010,2.5
Sierra Leone,2015,1.7
Singapore,2005,0.5
Singapore,2005,14.2
Singapore,2005,0.0
Singapore,2005,496.2
Singapore,2010,0.4
Singapore,2010,0.6
Singapore,2010,0.1
Singapore,2010,8.4
Singapore,2010,0.0
Singapore,2010,356.1
Singapore,2010,10.1
Singapore,2010,30.8
Singapore,2011,0.3
Singapore,2011,0.4
Singapore,2011,0.2
Singapore,2011,7.7
Singapore,2011,0.0
Singapore,2011,327.7
Singapore,2011,7.5
Singapore,2011,29.4
Singapore,2017,0.2
Singapore,2017,0.2
Singapore,2017,0.2
Singapore,2017,7.4
Singapore,2017,228.2
Singapore,2017,1.2
Singapore,2017,30.6
Singapore,2018,0.2
Singapore,2018,0.1
Singapore,2018,0.3
Singapore,2018,7.6
Singapore,2018,204.4
Slovakia,2005,1.7
Slovakia,2005,2.3
Slovakia,2005,1.2
Slovakia,2005,72.2
Slovakia,2005,0.3
Slovakia,2005,350.0
Slovakia,2010,1.5
Slovakia,2010,1.9
Slovakia,2010,1.1
Slovakia,2010,44.9
Slovakia,2010,0.1
Slovakia,2010,452.7
Slovakia,2010,22.0
Slovakia,2010,10.4
Slovakia,2017,1.5
Slovakia,2017,2.2
Slovakia,2017,0.8
Slovakia,2017,30.1
Slovakia,2017,1.7
Slovakia,2017,391.5
Slovakia,2017,8.6
Slovakia,2017,12.9
Slovakia,2018,1.1
Slovakia,2018,1.4
Slovakia,2018,0.9
Slovakia,2018,29.3
Slovakia,2018,1.7
Slovakia,2018,331.5
Slovenia,2005,1.0
Slovenia,2005,1.0
Slovenia,2005,1.0
Slovenia,2005,115.5
Slovenia,2005,0.2
Slovenia,2005,1478.2
Slovenia,2005,15.6
Slovenia,2010,0.7
Slovenia,2010,0.7
Slovenia,2010,0.8
Slovenia,2010,106.8
Slovenia,2010,0.2
Slovenia,2010,1414.9
Slovenia,2010,22.7
Slovenia,2010,18.4
Slovenia,2017,0.9
Slovenia,2017,1.0
Slovenia,2017,0.9
Slovenia,2017,67.3
Slovenia,2017,0.0
Slovenia,2017,989.2
Slovenia,2017,11.5
Slovenia,2017,20.6
Slovenia,2018,0.5
Slovenia,2018,0.5
Slovenia,2018,0.5
Slovenia,2018,74.3
Slovenia,2018,0.3
Slovenia,2018,943.9
Solomon Islands,2005,5.5
Solomon Islands,2005,258.1
Solomon Islands,2005,219.0
Solomon Islands,2005,43.4
Solomon Islands,2008,3.8
Solomon Islands,2008,217.9
Solomon Islands,2008,174.4
Solomon Islands,2008,24.2
South Africa,2005,38.7
South Africa,2010,31.0
South Africa,2017,35.7
South Africa,2017,293.6
South Africa,2017,9.6
South Africa,2017,331.7
South Africa,2017,87.9
South Africa,2018,36.4
South Sudan,2012,14.9
Spain,2005,1.2
Spain,2005,1.8
Spain,2005,0.6
Spain,2005,392.6
Spain,2005,0.5
Spain,2010,0.9
Spain,2010,1.1
Spain,2010,0.7
Spain,2010,53.4
Spain,2010,0.3
Spain,2010,308.2
Spain,2010,179.9
Spain,2010,21.2
Spain,2017,0.7
Spain,2017,0.8
Spain,2017,0.5
Spain,2017,38.8
Spain,2017,0.1
Spain,2017,348.2
Spain,2017,132.4
Spain,2017,20.3
Spain,2018,0.6
Spain,2018,0.8
Spain,2018,0.5
Spain,2018,39.2
Spain,2018,0.2
Spain,2018,360.2
Sri Lanka,2004,7.1
Sri Lanka,2004,109.2
Sri Lanka,2004,4.5
Sri Lanka,2004,135.7
Sri Lanka,2005,6.2
Sri Lanka,2010,3.8
Sri Lanka,2010,6.0
Sri Lanka,2010,1.6
Sri Lanka,2010,318.9
Sri Lanka,2010,1.0
Sri Lanka,2010,62.6
Sri Lanka,2010,31.8
Sri Lanka,2010,4.4
Sri Lanka,2017,2.3
Sri Lanka,2017,3.9
Sri Lanka,2017,0.8
Sri Lanka,2017,15.2
Sri Lanka,2017,1.2
Sri Lanka,2017,29.1
Sri Lanka,2017,15.9
Sri Lanka,2017,11.3
Sri Lanka,2018,2.4
Sri Lanka,2018,4.0
Sri Lanka,2018,0.9
Sri Lanka,2018,13.6
Sri Lanka,2018,1.2
Sri Lanka,2018,28.2
State of Palestine,2005,2.3
State of Palestine,2005,183.7
State of Palestine,2005,5.6
State of Palestine,2005,122.4
State of Palestine,2010,0.8
State of Palestine,2010,1.1
State of Palestine,2010,0.5
State of Palestine,2010,7.1
State of Palestine,2010,0.5
State of Palestine,2010,67.6
State of Palestine,2010,70.1
State of Palestine,2010,4.4
State of Palestine,2012,0.6
State of Palestine,2012,1.0
State of Palestine,2012,0.2
State of Palestine,2012,8.2
State of Palestine,2012,0.3
State of Palestine,2012,45.9
State of Palestine,2012,47.1
State of Palestine,2012,2.8
State of Palestine,2013,0.6
State of Palestine,2013,86.2
State of Palestine,2013,3.1
State of Palestine,2018,0.5
State of Palestine,2018,0.6
State of Palestine,2018,0.1
State of Palestine,2018,15.2
State of Palestine,2018,48.1
Sudan,2008,5.1
Suriname,2004,9.3
Suriname,2004,2754.2
Suriname,2005,13.8
Suriname,2008,8.3
Suriname,2008,12.7
Suriname,2008,3.9
Suriname,2016,7.3
Suriname,2016,8.8
Suriname,2016,5.7
Suriname,2016,70.1
Suriname,2017,5.4
Suriname,2017,63.1
Sweden,2005,0.9
Sweden,2005,1.2
Sweden,2005,0.7
Sweden,2005,803.7
Sweden,2005,4921.4
Sweden,2005,129.6
Sweden,2010,1.0
Sweden,2010,1.4
Sweden,2010,0.6
Sweden,2010,59.6
Sweden,2010,3918.6
Sweden,2010,98.2
Sweden,2010,150.4
Sweden,2017,1.1
Sweden,2017,1.7
Sweden,2017,0.5
Sweden,2017,47.3
Sweden,2017,3635.7
Sweden,2017,87.3
Sweden,2017,190.6
Sweden,2018,1.1
Sweden,2018,1.5
Sweden,2018,0.7
Sweden,2018,47.2
Sweden,2018,3352.4
Switzerland,2005,1.0
Switzerland,2005,1.0
Switzerland,2005,1.0
Switzerland,2005,109.6
Switzerland,2005,3.3
Switzerland,2005,1928.0
Switzerland,2010,0.7
Switzerland,2010,0.7
Switzerland,2010,0.7
Switzerland,2010,6.2
Switzerland,2010,0.0
Switzerland,2010,2065.4
Switzerland,2010,56.4
Switzerland,2010,31.9
Switzerland,2017,0.5
Switzerland,2017,0.6
Switzerland,2017,0.5
Switzerland,2017,6.9
Switzerland,2017,0.0
Switzerland,2017,1673.5
Switzerland,2017,20.6
Switzerland,2017,30.7
Switzerland,2018,0.6
Switzerland,2018,0.5
Switzerland,2018,0.7
Switzerland,2018,6.9
Switzerland,2018,0.1
Switzerland,2018,1595.3
Syrian Arab Republic,2004,2.4
Syrian Arab Republic,2004,35.7
Syrian Arab Republic,2004,0.8
Syrian Arab Republic,2004,64.8
Syrian Arab Republic,2005,2.3
Syrian Arab Republic,2005,33.5
Syrian Arab Republic,2005,0.2
Syrian Arab Republic,2008,2.6
Syrian Arab Republic,2008,2.7
Syrian Arab Republic,2008,0.1
Syrian Arab Republic,2008,31.5
Syrian Arab Republic,2008,0.4
Syrian Arab Republic,2010,2.2
Syrian Arab Republic,2018,0.9
Syrian Arab Republic,2018,0.8
Syrian Arab Republic,2018,19.2
Tajikistan,2005,2.3
Tajikistan,2005,52.4
Tajikistan,2010,2.4
Tajikistan,2010,4.2
Tajikistan,2010,0.6
Tajikistan,2010,72.9
Tajikistan,2010,1.9
Tajikistan,2010,47.3
Tajikistan,2010,3.3
Tajikistan,2010,2.6
Tajikistan,2011,1.6
Tajikistan,2011,2.8
Tajikistan,2011,0.4
Tajikistan,2011,48.5
Tajikistan,2011,2.2
Tajikistan,2011,47.7
Tajikistan,2011,3.7
Tajikistan,2011,2.6
Thailand,2005,7.3
Thailand,2005,13.0
Thailand,2005,1.9
Thailand,2005,43.2
Thailand,2005,0.0
Thailand,2005,93.1
Thailand,2010,5.4
Thailand,2010,9.7
Thailand,2010,1.3
Thailand,2010,13.6
Thailand,2010,0.0
Thailand,2010,80.9
Thailand,2010,2.7
Thailand,2010,2.9
Thailand,2014,3.9
Thailand,2014,6.7
Thailand,2014,1.2
Thailand,2014,18.5
Thailand,2014,0.0
Thailand,2014,58.3
Thailand,2014,2.1
Thailand,2016,3.2
Thailand,2016,2.2
Thailand,2016,47.9
Thailand,2016,1.5
Thailand,2016,5.5
Thailand,2017,2.6
Thailand,2017,5.0
Thailand,2018,13.3
Thailand,2018,0.0
Timor-Leste,2005,4.6
Timor-Leste,2010,3.6
Timor-Leste,2015,4.1
Timor-Leste,2015,0.4
Timor-Leste,2015,4.6
Timor-Leste,2017,0.3
Timor-Leste,2017,1.9
Timor-Leste,2017,10.7
Tonga,2005,4.0
Tonga,2010,1.0
Tonga,2012,1.0
Trinidad and Tobago,2005,29.8
Trinidad and Tobago,2005,53.9
Trinidad and Tobago,2005,6.0
Trinidad and Tobago,2005,61.8
Trinidad and Tobago,2005,4.5
Trinidad and Tobago,2005,212.3
Trinidad and Tobago,2005,61.9
Trinidad and Tobago,2010,35.6
Trinidad and Tobago,2010,63.9
Trinidad and Tobago,2010,7.9
Trinidad and Tobago,2010,46.4
Trinidad and Tobago,2010,0.5
Trinidad and Tobago,2010,307.9
Trinidad and Tobago,2010,385.7
Trinidad and Tobago,2010,57.7
Trinidad and Tobago,2015,30.6
Trinidad and Tobago,2015,57.7
Trinidad and Tobago,2015,4.2
Trinidad and Tobago,2015,43.8
Trinidad and Tobago,2015,0.3
Trinidad and Tobago,2015,136.5
Trinidad and Tobago,2015,180.2
Trinidad and Tobago,2015,50.7
Tunisia,2005,2.6
Tunisia,2010,2.7
Tunisia,2012,3.1
Turkey,2005,4.9
Turkey,2005,8.1
Turkey,2005,1.8
Turkey,2005,155.7
Turkey,2005,12.9
Turkey,2005,152.8
Turkey,2005,4.4
Turkey,2010,4.2
Turkey,2010,6.8
Turkey,2010,1.7
Turkey,2010,305.4
Turkey,2010,18.8
Turkey,2010,248.3
Turkey,2010,11.9
Turkey,2010,5.8
Turkey,2014,102.8
Turkey,2014,42.7
Turkey,2014,277.4
Turkey,2014,55.2
Turkey,2014,54.0
Turkey,2016,3.3
Turkey,2016,5.7
Turkey,2016,1.1
Turkey,2016,34.0
Turkey,2018,2.6
Turkey,2018,4.3
Turkey,2018,0.9
Turkmenistan,2004,4.4
Turkmenistan,2004,2.7
Turkmenistan,2005,4.3
Turkmenistan,2005,1.9
Turkmenistan,2005,35.0
Turkmenistan,2006,4.2
Turkmenistan,2006,1.7
Turkmenistan,2006,29.7
Turks and Caicos Islands,2002,8.6
Turks and Caicos Islands,2002,0.0
Turks and Caicos Islands,2005,0.0
Turks and Caicos Islands,2009,6.3
Turks and Caicos Islands,2009,0.0
Turks and Caicos Islands,2014,5.7
Turks and Caicos Islands,2014,0.0
Tuvalu,2005,0.0
Tuvalu,2010,9.5
Tuvalu,2012,18.6
Uganda,2005,9.0
Uganda,2005,126.8
Uganda,2005,198.9
Uganda,2005,50.9
Uganda,2010,9.7
Uganda,2010,16.1
Uganda,2010,3.6
Uganda,2010,70.9
Uganda,2010,0.5
Uganda,2010,72.2
Uganda,2010,18.6
Uganda,2010,26.7
Uganda,2016,11.3
Uganda,2016,18.3
Uganda,2016,4.5
Uganda,2016,17.7
Uganda,2016,2.4
Uganda,2016,109.8
Uganda,2016,18.3
Uganda,2016,49.3
Uganda,2017,11.5
Uganda,2017,19.3
Uganda,2017,4.0
Uganda,2017,13.9
Uganda,2017,16.6
Uganda,2018,10.5
Ukraine,2005,6.5
Ukraine,2005,9.5
Ukraine,2005,3.8
Ukraine,2005,14.3
Ukraine,2005,0.4
Ukraine,2005,398.1
Ukraine,2005,4.1
Ukraine,2010,4.3
Ukraine,2010,6.6
Ukraine,2010,2.4
Ukraine,2010,8.8
Ukraine,2010,0.6
Ukraine,2010,556.3
Ukraine,2010,50.9
Ukraine,2010,2.9
Ukraine,2017,6.2
Ukraine,2017,11.1
Ukraine,2017,1.9
Ukraine,2017,3.6
Ukraine,2017,1.3
Ukraine,2017,47.5
Ukraine,2017,1.9
United Arab Emirates,2004,0.7
United Arab Emirates,2004,12.4
United Arab Emirates,2004,271.3
United Arab Emirates,2005,1.2
United Arab Emirates,2005,15.6
United Arab Emirates,2005,18.8
United Arab Emirates,2006,0.7
United Arab Emirates,2006,14.3
United Arab Emirates,2006,18.3
United Arab Emirates,2010,0.8
United Arab Emirates,2010,0.8
United Arab Emirates,2010,0.8
United Arab Emirates,2015,0.6
United Arab Emirates,2015,0.8
United Arab Emirates,2015,0.4
United Arab Emirates,2015,3.5
United Arab Emirates,2015,0.9
United Arab Emirates,2015,67.1
United Arab Emirates,2015,8.9
United Arab Emirates,2015,4.1
United Arab Emirates,2016,0.7
United Arab Emirates,2016,3.7
United Arab Emirates,2016,0.8
United Arab Emirates,2016,51.3
United Arab Emirates,2016,4.0
United Arab Emirates,2016,4.8
United Arab Emirates,2017,0.5
United Arab Emirates,2017,2.4
United Arab Emirates,2017,0.7
United Arab Emirates,2017,47.5
United Arab Emirates,2017,3.1
United Arab Emirates,2018,2.2
United Arab Emirates,2018,0.8
United Arab Emirates,2018,48.1
United Kingdom,2005,1.4
United Kingdom,2005,1.8
United Kingdom,2005,1.0
United Kingdom,2010,1.2
United Kingdom,2010,1.5
United Kingdom,2010,0.9
United Kingdom,2018,1.2
United Kingdom,2018,1.7
United Kingdom,2018,0.7
United Rep. of Tanzania,2004,7.8
United Rep. of Tanzania,2010,8.8
United Rep. of Tanzania,2010,15.1
United Rep. of Tanzania,2010,2.5
United Rep. of Tanzania,2010,0.0
United Rep. of Tanzania,2010,26.9
United Rep. of Tanzania,2010,0.0
United Rep. of Tanzania,2015,7.3
United Rep. of Tanzania,2015,12.0
United Rep. of Tanzania,2015,2.6
United Rep. of Tanzania,2015,4.6
United Rep. of Tanzania,2015,0.0
United Rep. of Tanzania,2015,0.3
United Rep. of Tanzania,2015,18.2
United Rep. of Tanzania,2015,0.1
United Rep. of Tanzania,2016,6.5
United States of America,2005,5.7
United States of America,2005,9.1
United States of America,2005,2.4
United States of America,2005,292.3
United States of America,2005,2299.5
United States of America,2010,4.8
United States of America,2010,7.5
United States of America,2010,2.1
United States of America,2010,253.0
United States of America,2010,2007.9
United States of America,2010,119.4
United States of America,2017,5.3
United States of America,2017,8.5
United States of America,2017,2.2
United States of America,2017,249.3
United States of America,2017,1695.9
United States of America,2017,98.6
United States of America,2018,5.0
United States of America,2018,7.8
United States of America,2018,2.2
United States of America,2018,246.8
United States of America,2018,1595.0
United States Virgin Islands,2005,34.3
United States Virgin Islands,2005,65.3
United States Virgin Islands,2005,5.4
United States Virgin Islands,2010,52.8
United States Virgin Islands,2010,96.5
United States Virgin Islands,2010,12.7
United States Virgin Islands,2012,49.3
United States Virgin Islands,2012,99.2
United States Virgin Islands,2012,3.6
Uruguay,2003,5.9
Uruguay,2003,0.1
Uruguay,2003,2906.6
Uruguay,2004,6.0
Uruguay,2004,3182.0
Uruguay,2005,5.7
Uruguay,2010,6.1
Uruguay,2010,10.1
Uruguay,2010,2.4
Uruguay,2010,15.5
Uruguay,2010,2836.0
Uruguay,2010,411.7
Uruguay,2017,8.3
Uruguay,2017,13.7
Uruguay,2017,3.1
Uruguay,2017,12.4
Uruguay,2017,1.1
Uruguay,2017,3363.5
Uruguay,2017,565.8
Uruguay,2017,61.8
Uruguay,2018,12.1
Uruguay,2018,21.6
Uruguay,2018,3.2
Uruguay,2018,15.2
Uruguay,2018,0.7
Uruguay,2018,4228.0
Uzbekistan,2005,3.4
Uzbekistan,2008,3.0
Uzbekistan,2017,1.1
Uzbekistan,2017,4.4
Uzbekistan,2017,0.1
Uzbekistan,2017,2.6
Venezuela (Boliv. Rep. of),2005,37.7
Venezuela (Boliv. Rep. of),2005,71.1
Venezuela (Boliv. Rep. of),2005,4.2
Venezuela (Boliv. Rep. of),2010,46.0
Venezuela (Boliv. Rep. of),2010,86.6
Venezuela (Boliv. Rep. of),2010,5.5
Venezuela (Boliv. Rep. of),2018,36.7
Venezuela (Boliv. Rep. of),2018,61.9
Venezuela (Boliv. Rep. of),2018,10.7
Venezuela (Boliv. Rep. of),2018,6.5
Venezuela (Boliv. Rep. of),2018,0.7
Viet Nam,2005,1.3
Viet Nam,2010,1.5
Viet Nam,2011,1.5
Yemen,2005,4.7
Yemen,2005,0.5
Yemen,2005,0.0
Yemen,2009,4.4
Yemen,2009,0.1
Yemen,2009,0.2
Yemen,2009,0.3
Yemen,2010,4.7
Yemen,2013,6.8
Zambia,2000,7.7
Zambia,2010,6.0
Zambia,2015,5.4
Zimbabwe,2005,11.2
Zimbabwe,2005,766.0
Zimbabwe,2005,0.4
Zimbabwe,2005,915.1
Zimbabwe,2008,414.0
Zimbabwe,2008,1.8
Zimbabwe,2008,738.8
Zimbabwe,2010,5.6
Zimbabwe,2012,7.5
